date,mean.precip.mm
2019-01-01,30.535317336519558
2019-01-02,28.507528760625668
2019-01-03,60.65195890453954
2019-01-04,119.98053304463005
2019-01-05,86.48512897392115
2019-01-06,26.418931112857535
2019-01-07,135.71885859904188
2019-01-08,96.33354898542166
2019-01-09,55.07847168288815
2019-01-10,80.77720700918387
2019-01-11,112.84394273825455
2019-01-12,54.127293204267815
2019-01-13,38.51278434934405
2019-01-14,61.773267326255635
2019-01-15,26.952827349305153
2019-01-16,5.072065289520348
2019-01-17,4.329605330349295
2019-01-18,15.05564487403414
2019-01-19,24.90486613945298
2019-01-20,45.85428539042671
2019-01-21,174.27108037906387
2019-01-22,155.04051853592196
2019-01-23,53.92038541225095
2019-01-24,5.002087388735769
2019-01-25,21.39379974541953
2019-01-26,463.10204119460343
2019-01-27,239.13111500442028
2019-01-28,100.40236456940572
2019-01-29,48.32418427492182
2019-01-30,65.19556712980072
2019-01-31,35.332942133148514
2019-02-01,61.08080476212005
2019-02-02,39.09434983506799
2019-02-03,23.387373921771847
2019-02-04,1.1920458177163105
2019-02-05,0.2777411710970531
2019-02-06,0.880339613062612
2019-02-07,63.55013026938347
2019-02-08,150.22392189130187
2019-02-09,32.79635369156797
2019-02-10,10.902908498731753
2019-02-11,12.106725969351828
2019-02-12,3.2651482266373932
2019-02-13,0.5403012687262769
2019-02-14,0.0641058504091537
2019-02-15,0.8862644402029218
2019-02-16,21.62589457584545
2019-02-17,10.078305859739583
2019-02-18,4.793465939610542
2019-02-19,25.849541489151306
2019-02-20,25.13285901610895
2019-02-21,46.535712536812454
2019-02-22,132.68107670980197
2019-02-23,822.5297762081027
2019-02-24,255.87590190892416
2019-02-25,121.99688429633775
2019-02-26,46.866211729745075
2019-02-27,59.005212023233376
2019-02-28,26.168180288126074
2019-03-01,22.010767195994656
2019-03-02,33.531339606270194
2019-03-03,16.820173431187868
2019-03-04,69.76196848166487
2019-03-05,367.49712359160185
2019-03-06,210.39374601095915
2019-03-07,85.489280646046
2019-03-08,63.25896492538353
2019-03-09,51.052672606116786
2019-03-10,124.99107817808786
2019-03-11,97.43026406504214
2019-03-12,156.2932625412941
2019-03-13,1822.2013372307024
2019-03-14,166.40015682205558
2019-03-15,39.16851254180074
2019-03-16,2.6403841373356345
2019-03-17,1.0897125418826668
2019-03-18,2.2281179594453233
2019-03-19,2.9240766749959826
2019-03-20,32.776701085579894
2019-03-21,70.76109827806552
2019-03-22,156.36932803317904
2019-03-23,154.84743332490325
2019-03-24,107.99186068276563
2019-03-25,33.43800064176321
2019-03-26,59.885125793516636
2019-03-27,67.748345733465
2019-03-28,71.56512504443526
2019-03-29,67.33385209615032
2019-03-30,25.64558226013105
2019-03-31,41.371659856910505
2019-04-01,33.69500666546325
2019-04-02,26.61762850669523
2019-04-03,51.32194375619292
2019-04-04,61.41971884450565
2019-04-05,62.946352742922805
2019-04-06,79.81131836228694
2019-04-07,41.34766759040455
2019-04-08,10.402470351740096
2019-04-09,36.26511549421897
2019-04-10,4.629183700152831
2019-04-11,8.15277067789187
2019-04-12,8.414632391941268
2019-04-13,36.90077800046083
2019-04-14,13.801589623714486
2019-04-15,13.93361201820274
2019-04-16,12.663529118678222
2019-04-17,112.24915819863479
2019-04-18,223.5778248558442
2019-04-19,86.53240437464167
2019-04-20,33.558716283490256
2019-04-21,19.26342932662616
2019-04-22,18.621425059003137
2019-04-23,35.70062544507285
2019-04-24,118.61316783664127
2019-04-25,145.7473431713879
2019-04-26,505.2594774092237
2019-04-27,63.19458583990733
2019-04-28,99.97453650770088
2019-04-29,88.05603315122426
2019-04-30,37.023935765804104
2019-05-01,39.60592024959624
2019-05-02,22.201160129043274
2019-05-03,27.799545536981896
2019-05-04,37.08687484419595
2019-05-05,32.19964564777911
2019-05-06,9.215826374323417
2019-05-07,26.855532937527947
2019-05-08,91.42413106746972
2019-05-09,311.5958030335605
2019-05-10,153.84933647389215
2019-05-11,18.1245202353845
2019-05-12,33.09009761239091
2019-05-13,34.739053435623646
2019-05-14,3.3894742951815715
2019-05-15,15.891854311727608
2019-05-16,19.100385213581223
2019-05-17,7.885975937824696
2019-05-18,18.088887406823535
2019-05-19,14.100598876636164
2019-05-20,28.645650631127257
2019-05-21,46.54367460558812
2019-05-22,19.143559242365882
2019-05-23,41.279262925187744
2019-05-24,38.58479793804387
2019-05-25,51.312523521482944
2019-05-26,139.4139755051583
2019-05-27,207.44655150920153
2019-05-28,44.412608755131565
2019-05-29,89.50733955328663
2019-05-30,15.287008001178037
2019-05-31,2.995808905689046
2019-06-01,4.169139707422194
2019-06-02,78.96003132433785
2019-06-03,280.81130056331557
2019-06-04,73.20040917644899
2019-06-05,43.304075549046196
2019-06-06,22.387792829734586
2019-06-07,33.21606260724366
2019-06-08,23.958975852777563
2019-06-09,41.0059695209687
2019-06-10,157.3249616039296
2019-06-11,34.09612122147034
2019-06-12,24.177109085333846
2019-06-13,24.03848341976603
2019-06-14,94.79581722989678
2019-06-15,111.62133427957694
2019-06-16,50.11822767555714
2019-06-17,76.01213399320841
2019-06-18,7.5759986813257765
2019-06-19,66.53727777714569
2019-06-20,218.3630956026415
2019-06-21,98.70960757446785
2019-06-22,160.89622151727477
2019-06-23,248.70936889201403
2019-06-24,21.305863063995883
2019-06-25,19.54205035387228
2019-06-26,42.61160898022354
2019-06-27,45.39148639887571
2019-06-28,453.5187967742483
2019-06-29,93.91540698707104
2019-06-30,43.03299942985177
2019-07-01,5.795524676796049
2019-07-02,15.92748201219365
2019-07-03,0.9527290860811869
2019-07-04,34.823968509833016
2019-07-05,25.46972254446397
2019-07-06,11.173616605810821
2019-07-07,0.8679720587376019
2019-07-08,2.1904667211250244
2019-07-09,14.78917143928508
2019-07-10,29.947403445839882
2019-07-11,3.8598831379204057
2019-07-12,40.14191930570329
2019-07-13,4.363340310131511
2019-07-14,8.56156050382803
2019-07-15,30.354585832295317
2019-07-16,51.49638967898985
2019-07-17,38.66892822552472
2019-07-18,26.656141271814704
2019-07-19,8.282622338932319
2019-07-20,0.6674632902369619
2019-07-21,2.3925994524423304
2019-07-22,3.90998524283835
2019-07-23,7.237848534714431
2019-07-24,27.095414123808347
2019-07-25,16.9330188112023
2019-07-26,24.008661469755076
2019-07-27,27.079905895516276
2019-07-28,55.18360187609991
2019-07-29,46.81137676040332
2019-07-30,36.03947786614299
2019-07-31,10.496091900859028
2019-08-01,6.006234170248111
2019-08-02,5.718492470138395
2019-08-03,0.6953972023135673
2019-08-04,0.12093546489874522
2019-08-05,0.01197109628871355
2019-08-06,4.366040286640782e-4
2019-08-07,0.059602904252642475
2019-08-08,0.014784876088924648
2019-08-09,0.016453240209557407
2019-08-10,11.057556530234553
2019-08-11,121.51745970671377
2019-08-12,168.0921265544991
2019-08-13,19.65177832171321
2019-08-14,19.657656472797196
2019-08-15,1.2297595540682476
2019-08-16,20.521146152168512
2019-08-17,1.9398880812029042
2019-08-18,44.5193459590276
2019-08-19,114.78712080667415
2019-08-20,41.067734050254025
2019-08-21,58.313204417936504
2019-08-22,24.99671628077825
2019-08-23,1.1881391384993853
2019-08-24,17.002449050050927
2019-08-25,44.71758333966136
2019-08-26,3.6380354404779305
2019-08-27,2.261049304433982
2019-08-28,0.4593452348141607
2019-08-29,0.10958257880702149
2019-08-30,0.9221306398899287
2019-08-31,1.428523783336762
2019-09-01,0.27251820717992814
2019-09-02,3.710746081439235
2019-09-03,2.008805039804429
2019-09-04,5.017912226806706
2019-09-05,0.778058402708363
2019-09-06,3.1224892745588786
2019-09-07,262.70099041673046
2019-09-08,123.5028939632078
2019-09-09,68.85353721057375
2019-09-10,15.688327404980859
2019-09-11,1.2148333946242929
2019-09-12,4.088313571022202
2019-09-13,2.852429065387696
2019-09-14,0.3366090328199789
2019-09-15,1.6362094623521748
2019-09-16,14.815371235211689
2019-09-17,114.52375259250402
2019-09-18,85.46963408589363
2019-09-19,19.215001569439966
2019-09-20,17.23233820715298
2019-09-21,32.637215580325574
2019-09-22,84.90604038039844
2019-09-23,9.15371558512561
2019-09-24,6.382317241514102
2019-09-25,15.826688627324376
2019-09-26,29.777994146570563
2019-09-27,36.31560412274363
2019-09-28,10.248274870415722
2019-09-29,23.478583766457938
2019-09-30,4.089927300810814
2019-10-01,9.101310750702396
2019-10-02,8.904440807721887
2019-10-03,8.68255414146309
2019-10-04,19.03237357813244
2019-10-05,16.725576944493998
2019-10-06,53.791574691422284
2019-10-07,48.54359805273513
2019-10-08,28.39967276280125
2019-10-09,27.230325942703832
2019-10-10,7.875464956547754
2019-10-11,3.901038019102998
2019-10-12,11.174249493827423
2019-10-13,5.258792565048982
2019-10-14,6.966111486932884
2019-10-15,159.36055663429823
2019-10-16,223.89225584144393
2019-10-17,171.63140205666423
2019-10-18,11.58859316589466
2019-10-19,3.3482727645605337
2019-10-20,0.27395485875558734
2019-10-21,0.7861729083136502
2019-10-22,0.9846991511722081
2019-10-23,33.128122920364454
2019-10-24,2.9813224294533334
2019-10-25,0.6361508721965947
2019-10-26,0.7310520855753566
2019-10-27,2.8206204995512962
2019-10-28,0.224294637901797
2019-10-29,0.02907247595279235
2019-10-30,1.07851759037203
2019-10-31,4.159894379942369
2019-11-01,54.875230649486184
2019-11-02,28.728361101821065
2019-11-03,24.346358608454466
2019-11-04,9.717117288770776
2019-11-05,0.8078319173212851
2019-11-06,11.323093092263056
2019-11-07,8.441448708375296
2019-11-08,0.5810563135961881
2019-11-09,0.49253652210078747
2019-11-10,20.67797064858799
2019-11-11,10.683810117188841
2019-11-12,1.6144660072503334
2019-11-13,12.854940556765843
2019-11-14,35.19297406601254
2019-11-15,26.01249604485929
2019-11-16,171.8135858265062
2019-11-17,25.89000519753123
2019-11-18,31.724097071370732
2019-11-19,50.720224902033806
2019-11-20,6.926538733144602
2019-11-21,12.60286831529811
2019-11-22,175.7623396619844
2019-11-23,249.2259094491601
2019-11-24,121.57741494787237
2019-11-25,27.357629345109068
2019-11-26,18.115303836142022
2019-11-27,34.40932263620198
2019-11-28,5.466883846869072
2019-11-29,39.342003439863525
2019-11-30,54.85795809266468
2019-12-01,12.602782155348297
2019-12-02,20.169543549612474
2019-12-03,2.4566701637619794
2019-12-04,1.2577639184504128
2019-12-05,10.735397506505251
2019-12-06,52.50237888346116
2019-12-07,12.29121411840121
2019-12-08,6.867164745926857
2019-12-09,26.835870525489252
2019-12-10,182.17091029509902
2019-12-11,160.15168285618228
2019-12-12,26.864073254788917
2019-12-13,63.69156382376483
2019-12-14,37.83374934573658
2019-12-15,42.24222379125422
2019-12-16,43.53796450110773
2019-12-17,67.96377837502708
2019-12-18,43.61126987884442
2019-12-19,49.23615028771261
2019-12-20,29.10517983060951
2019-12-21,117.8850390521499
2019-12-22,113.25606377795339
2019-12-23,30.738380116720997
2019-12-24,219.01271231472492
2019-12-25,80.01685812293242
2019-12-26,49.82995813091596
2019-12-27,27.860430624180783
2019-12-28,19.26432920154184
2019-12-29,24.671052563159417
2019-12-30,17.860616324469447
2019-12-31,4.561286960233701
2020-01-01,3.547002399864141
2020-01-02,19.6120364125818
2020-01-03,18.487188480988454
2020-01-04,116.81787366202722
2020-01-05,66.30572445380191
2020-01-06,65.15647055736433
2020-01-07,68.74704745908579
2020-01-08,167.48754773288965
2020-01-09,58.083964845476046
2020-01-10,45.03428703173995
2020-01-11,10.40790012727181
2020-01-12,76.51195880025625
2020-01-13,167.26392367854714
2020-01-14,82.20187155529857
2020-01-15,39.16138161051398
2020-01-16,74.78016908280551
2020-01-17,54.10136369367441
2020-01-18,130.89310132976001
2020-01-19,53.251708811149
2020-01-20,395.4669878973315
2020-01-21,446.98205360521877
2020-01-22,149.47324465028942
2020-01-23,152.42512623469037
2020-01-24,56.22276890402039
2020-01-25,52.97226539502541
2020-01-26,13.235909299692139
2020-01-27,6.984853124595247
2020-01-28,0.878630693963108
2020-01-29,2.566194387812478
2020-01-30,22.276706201955676
2020-01-31,14.351954225761196
2020-02-01,27.940111552986007
2020-02-02,55.260068348919354
2020-02-03,99.8363080744942
2020-02-04,111.66918982441227
2020-02-05,42.638806672766805
2020-02-06,39.233265138076
2020-02-07,3.1129910183760026
2020-02-08,11.665426400334884
2020-02-09,22.220037489508588
2020-02-10,3.2803014541665716
2020-02-11,0.2245528583102896
2020-02-12,16.660948591743363
2020-02-13,159.29732844233513
2020-02-14,733.7120723600189
2020-02-15,760.4431698098779
2020-02-16,744.842601629595
2020-02-17,470.96192222088575
2020-02-18,73.51288410524528
2020-02-19,138.75801942000786
2020-02-20,81.24938070153196
2020-02-21,152.31003370136023
2020-02-22,43.74875539991384
2020-02-23,128.84598285891116
2020-02-24,282.60636536094046
2020-02-25,74.57703480807443
2020-02-26,9.794938612806922
2020-02-27,2.625557771534659
2020-02-28,0.1497810081521796
2020-02-29,3.4869990827511783
2020-03-01,19.331669062376022
2020-03-02,31.539832319443423
2020-03-03,50.311758338163294
2020-03-04,43.164801240588226
2020-03-05,56.295968033373356
2020-03-06,9.047405611878883
2020-03-07,339.20936751528643
2020-03-08,430.70523478090763
2020-03-09,346.22341102610034
2020-03-10,303.7070731321971
2020-03-11,68.53780465510984
2020-03-12,54.27485488665601
2020-03-13,54.2183093726635
2020-03-14,74.76376083213836
2020-03-15,57.325376415004335
2020-03-16,16.075048533578713
2020-03-17,16.613207978662103
2020-03-18,252.98798092020058
2020-03-19,64.70561701183517
2020-03-20,43.373089780410126
2020-03-21,40.25665499890844
2020-03-22,90.732244340082
2020-03-23,36.74384416081011
2020-03-24,28.291607880964875
2020-03-25,115.69584322472414
2020-03-26,127.09972069909176
2020-03-27,73.2463963329792
2020-03-28,18.8370038473901
2020-03-29,9.194175681720179
2020-03-30,16.731087975980095
2020-03-31,31.474862499938656
2020-04-01,20.288595914219815
2020-04-02,37.91985606852298
2020-04-03,104.0084368083626
2020-04-04,29.73873185304304
2020-04-05,3.7326392147709457
2020-04-06,59.06439683167264
2020-04-07,30.77875515446067
2020-04-08,16.838281004068754
2020-04-09,61.69197768904269
2020-04-10,134.54622166852158
2020-04-11,74.21774358178179
2020-04-12,71.77929502601425
2020-04-13,40.5516068431704
2020-04-14,20.39220593869686
2020-04-15,25.043716033299763
2020-04-16,58.210672391578555
2020-04-17,34.161828365176916
2020-04-18,46.96130249649286
2020-04-19,148.8482428714633
2020-04-20,118.93362451034288
2020-04-21,60.568933592488364
2020-04-22,267.4689070011179
2020-04-23,433.540279045701
2020-04-24,471.8702452878157
2020-04-25,22.598113732480364
2020-04-26,5.816247313487111
2020-04-27,150.3539038822055
2020-04-28,37.881760112941265
2020-04-29,19.708448563081525
2020-04-30,7.023991165139401
2020-05-01,9.561983953850966
2020-05-02,0.6483455729115424
2020-05-03,1.358419403819274
2020-05-04,13.203729604962671
2020-05-05,36.42610474489629
2020-05-06,35.104637779295444
2020-05-07,9.06385804216067
2020-05-08,96.46815108135343
2020-05-09,65.1661455941697
2020-05-10,128.80860225607952
2020-05-11,68.10714211314917
2020-05-12,11.98571436034399
2020-05-13,6.961595503768573
2020-05-14,10.752440057694912
2020-05-15,30.850527373452984
2020-05-16,10.353230917826295
2020-05-17,68.82591381048164
2020-05-18,26.056789016971987
2020-05-19,22.736138788362346
2020-05-20,74.32308114754656
2020-05-21,43.485506220410265
2020-05-22,88.65163326263428
2020-05-23,121.58858384937048
2020-05-24,52.463815485437706
2020-05-25,85.99153994582593
2020-05-26,10.572112612802206
2020-05-27,0.29395934039939675
2020-05-28,0.465201629102315
2020-05-29,2.1548732222678764
2020-05-30,7.141867394557266
2020-05-31,69.64131213802224
2020-06-01,50.94448846454422
2020-06-02,75.91639456028739
2020-06-03,39.85946721707781
2020-06-04,31.305983499623835
2020-06-05,17.108541696021952
2020-06-06,134.91242554349205
2020-06-07,157.03169650708637
2020-06-08,34.3391145269076
2020-06-09,46.74430247396231
2020-06-10,64.54834369942546
2020-06-11,31.91259359009564
2020-06-12,19.959392468445003
2020-06-13,0.9622774862994751
2020-06-14,62.975879572331905
2020-06-15,87.75753394390145
2020-06-16,74.88885793524484
2020-06-17,91.36930348662038
2020-06-18,39.74614551601311
2020-06-19,60.12872175003092
2020-06-20,236.5703541164597
2020-06-21,107.0594488022228
2020-06-22,6.677388725802302
2020-06-23,35.53261924535036
2020-06-24,15.224134052793186
2020-06-25,312.804935205107
2020-06-26,200.11356625085077
2020-06-27,13.514616712927818
2020-06-28,0.1376692075079215
2020-06-29,0.22899491643026218
2020-06-30,5.373519693966955
2020-07-01,65.8369958633557
2020-07-02,30.243678425904363
2020-07-03,22.40208159588898
2020-07-04,14.362890583773453
2020-07-05,4.427711571952386
2020-07-06,8.574489601960522
2020-07-07,3.198643102465818
2020-07-08,2.2276192903518677
2020-07-09,26.951201950820785
2020-07-10,28.331439934360482
2020-07-11,86.8040460937967
2020-07-12,29.414994036778808
2020-07-13,5.382575852369579
2020-07-14,0.409633224156399
2020-07-15,1.063935300370152
2020-07-16,98.40479624884513
2020-07-17,70.7673360593617
2020-07-18,35.158719044799604
2020-07-19,18.395313682655495
2020-07-20,11.474894074490294
2020-07-21,43.606614965635046
2020-07-22,47.086326871067286
2020-07-23,63.15635951856772
2020-07-24,44.14473737900456
2020-07-25,32.05553414300084
2020-07-26,23.34032164265712
2020-07-27,1.2358576055930826
2020-07-28,34.39959304873052
2020-07-29,140.11683103938896
2020-07-30,9.551346832813579
2020-07-31,58.597789087798446
2020-08-01,22.718757454034254
2020-08-02,31.211523866901793
2020-08-03,37.788787235816315
2020-08-04,29.93503954106321
2020-08-05,2.506688834788898
2020-08-06,0.11533908993139147
2020-08-07,0.0052725532858251736
2020-08-08,70.23405209183693
2020-08-09,8.985905295897586
2020-08-10,0.27682737951787806
2020-08-11,0.010624527658364968
2020-08-12,8.008752006549003
2020-08-13,0.5624779458078895
2020-08-14,0.249469963152175
2020-08-15,5.118944235922148
2020-08-16,0.2336050073305766
2020-08-17,3.4334904203812284
2020-08-18,4.769002950827902
2020-08-19,0.34257126050079023
2020-08-20,1.0534824269560281
2020-08-21,15.468830516329035
2020-08-22,11.213537429769833
2020-08-23,4.848787270505758
2020-08-24,1.3463872087110453
2020-08-25,0.7731425265471139
2020-08-26,3.980663903833678
2020-08-27,0.607231620233506
2020-08-28,6.136416891483047
2020-08-29,13.025876297615469
2020-08-30,19.298946871034182
2020-08-31,24.484073324128985
2020-09-01,10.813670527810853
2020-09-02,7.815819047391415
2020-09-03,31.20029674222072
2020-09-04,14.970795014717927
2020-09-05,43.46334807729969
2020-09-06,162.0495648899426
2020-09-07,26.74997824675908
2020-09-08,33.12492486244688
2020-09-09,38.78953099871675
2020-09-10,53.761556946362056
2020-09-11,21.59590534865856
2020-09-12,6.999552622437477
2020-09-13,23.666074437399708
2020-09-14,19.2384488764219
2020-09-15,15.74068774546807
2020-09-16,1.9119974070539076
2020-09-17,0.08155256458621807
2020-09-18,1.0290952264540465
2020-09-19,7.372053359479953
2020-09-20,0.7794935772835743
2020-09-21,3.002356565108736
2020-09-22,0.8613420556685014
2020-09-23,76.1080204450991
2020-09-24,56.95177670568228
2020-09-25,24.94426217939084
2020-09-26,1.3875833867738645
2020-09-27,0.01559331910812034
2020-09-28,6.19225222607156
2020-09-29,1.4789682141781668
2020-09-30,0.13314226887738795
2020-10-01,8.149043904510714
2020-10-02,2.37629705419143
2020-10-03,44.61054515559226
2020-10-04,141.2380150364091
2020-10-05,239.76993256558973
2020-10-06,167.10513823976117
2020-10-07,48.70921491334836
2020-10-08,17.777285059370723
2020-10-09,35.14350863794486
2020-10-10,11.853837206338843
2020-10-11,6.919057940831408
2020-10-12,7.929663105945413
2020-10-13,19.322971308914326
2020-10-14,3.6194379596660538
2020-10-15,48.97114715228478
2020-10-16,9.107960011654843
2020-10-17,66.75511331704911
2020-10-18,107.95196828742822
2020-10-19,50.39025186561048
2020-10-20,10.969399645303687
2020-10-21,7.249905479451019
2020-10-22,3.0353867330025723
2020-10-23,24.364161547661446
2020-10-24,35.16679959526906
2020-10-25,15.497626343373366
2020-10-26,5.489729476782183
2020-10-27,0.543118341981123
2020-10-28,16.451454410950344
2020-10-29,118.64322377368808
2020-10-30,33.63673695809363
2020-10-31,13.125621263558665
2020-11-01,0.8419953131427367
2020-11-02,0.1357709359202393
2020-11-03,0.8873462567407842
2020-11-04,1.5109329676609682
2020-11-05,0.39758458642609185
2020-11-06,9.025371674215421
2020-11-07,5.831649188379137
2020-11-08,2.72892053956942
2020-11-09,12.981789976280805
2020-11-10,6.032850825188992
2020-11-11,0.965642799080039
2020-11-12,2.0133731925549605
2020-11-13,23.760145045040797
2020-11-14,32.3708335403353
2020-11-15,35.599185433238745
2020-11-16,34.9780483947446
2020-11-17,9.383755503222346
2020-11-18,0.5690130939304557
2020-11-19,0.007614493324581417
2020-11-20,0.044120848178863525
2020-11-21,48.45060288595656
2020-11-22,40.55598533401887
2020-11-23,6.068519689142704
2020-11-24,13.125424824344616
2020-11-25,10.960376609000377
2020-11-26,7.059366314206272
2020-11-27,1.612883247435093
2020-11-28,7.275989977642894
2020-11-29,9.485312291265776
2020-11-30,0.7978251781120587
2020-12-01,0.14901769585170163
2020-12-02,0.14774398051334475
2020-12-03,20.66943185952065
2020-12-04,4.939894797583595
2020-12-05,124.96080979860076
2020-12-06,61.94149788837724
2020-12-07,89.87018434951702
2020-12-08,598.6542277348539
2020-12-09,220.434782654047
2020-12-10,81.51909653097391
2020-12-11,129.28668869038424
2020-12-12,115.13981831570467
2020-12-13,35.540835718469076
2020-12-14,15.847267540326964
2020-12-15,20.327445414538182
2020-12-16,12.728356955146106
2020-12-17,35.96248539397493
2020-12-18,19.66662360355258
2020-12-19,4.1126218779633446
2020-12-20,24.4732994640799
2020-12-21,55.39679823753734
2020-12-22,39.48191120289266
2020-12-23,25.56952366915842
2020-12-24,7.77609208986784
2020-12-25,0.5265084422224694
2020-12-26,20.353338859119198
2020-12-27,487.6523472989599
2020-12-28,165.46531820980212
2020-12-29,53.875808526451394
2020-12-30,44.64960161906978
2020-12-31,37.74250961529712
2021-01-01,50.07865979957084
2021-01-02,29.641011046866574
2021-01-03,77.79579910760124
2021-01-04,9.614824341163816
2021-01-05,6.436731215459682
2021-01-06,1.4476585772627004
2021-01-07,6.583793424457932
2021-01-08,6.432016515949121
2021-01-09,22.733212409851454
2021-01-10,16.11295811405095
2021-01-11,28.94930485635996
2021-01-12,24.595402809791267
2021-01-13,3.647558262067226
2021-01-14,48.71600607099632
2021-01-15,45.76848018914461
2021-01-16,21.626067223648228
2021-01-17,3.3354493478933973
2021-01-18,1.5230928938156771
2021-01-19,6.3232851554251575
2021-01-20,113.15288456777732
2021-01-21,29.205083226164184
2021-01-22,17.036044597625732
2021-01-23,22.380529483780265
2021-01-24,39.012800017371774
2021-01-25,48.59534526864688
2021-01-26,52.482924362023674
2021-01-27,65.29302325410147
2021-01-28,48.74783249106258
2021-01-29,45.06365141520898
2021-01-30,9.457905179200074
2021-01-31,16.22442932954679
2021-02-01,30.46079717654114
2021-02-02,19.072036441260327
2021-02-03,12.690259750039939
2021-02-04,437.65748031437397
2021-02-05,40.618855791399255
2021-02-06,5.6331295257602205
2021-02-07,21.833091182046854
2021-02-08,8.596026912952464
2021-02-09,125.8234250669678
2021-02-10,167.6751034023861
2021-02-11,114.82176091521978
2021-02-12,387.8754969375829
2021-02-13,278.0620300521453
2021-02-14,80.34034489343564
2021-02-15,100.29851243210335
2021-02-16,321.59078465774655
2021-02-17,65.39635627026048
2021-02-18,11.10174338100478
2021-02-19,27.604178824306775
2021-02-20,10.852854140102863
2021-02-21,18.932740141948063
2021-02-22,37.50164158797513
2021-02-23,46.23602814972401
2021-02-24,25.4798991450419
2021-02-25,11.719376671438415
2021-02-26,135.29802535971007
2021-02-27,13.93947952213542
2021-02-28,26.356465020217
2021-03-01,31.095473452781636
2021-03-02,39.24541732606789
2021-03-03,54.256525821983814
2021-03-04,128.05472444742918
2021-03-05,369.33153987241286
2021-03-06,115.63217981408039
2021-03-07,19.83414042624645
2021-03-08,5.93584650196135
2021-03-09,28.79997367078128
2021-03-10,26.21666411093126
2021-03-11,31.712422197839864
2021-03-12,23.911576252430677
2021-03-13,30.25037762708962
2021-03-14,339.8934770065049
2021-03-15,91.58716723322868
2021-03-16,43.04906660690904
2021-03-17,311.8646524846554
2021-03-18,159.9487311517199
2021-03-19,34.74416150711477
2021-03-20,44.25930011396606
2021-03-21,69.01499819941819
2021-03-22,101.15491816153128
2021-03-23,98.986597700665385
2021-03-24,257.0646028655271
2021-03-25,47.69068030485263
2021-03-26,62.25881064504695
2021-03-27,37.878570115814604
2021-03-28,62.88138228521423
2021-03-29,65.98640054926364
2021-03-30,36.53808607098957
2021-03-31,49.16555535358687
2021-04-01,136.28895070093373
2021-04-02,29.20530451228842
2021-04-03,1.2084556175977923
2021-04-04,10.080010868292295
2021-04-05,8.763289265334606
2021-04-06,39.74979547007631
2021-04-07,110.83984198048711
2021-04-08,25.830893218517303
2021-04-09,24.751321505755186
2021-04-10,59.48752326269944
2021-04-11,34.815688617527485
2021-04-12,34.598967200145125
2021-04-13,105.98843887758751
2021-04-14,135.93130248288313
2021-04-15,34.10933030536398
2021-04-16,20.830576250288388
2021-04-17,6.4195291566041615
2021-04-18,7.979492676289132
2021-04-19,2.742469609559824
2021-04-20,18.24316388616959
2021-04-21,25.16686928768953
2021-04-22,145.90760913367072
2021-04-23,133.7534592797359
2021-04-24,140.52159854521355
2021-04-25,225.1184127293527
2021-04-26,264.67432218293345
2021-04-27,36.473651661071926
2021-04-28,15.908856767540177
2021-04-29,34.51028945079694
2021-04-30,33.98084062306831
2021-05-01,28.44386218736569
2021-05-02,154.37272960940996
2021-05-03,80.09732563514262
2021-05-04,32.02488459646702
2021-05-05,20.396661556636296
2021-05-06,25.6835516076535
2021-05-07,39.94989116520931
2021-05-08,24.689062777906656
2021-05-09,15.613578199797
2021-05-10,81.63211694918573
2021-05-11,30.18658660002984
2021-05-12,23.987925929638244
2021-05-13,8.01980159788703
2021-05-14,16.889764226895448
2021-05-15,27.406706963665783
2021-05-16,5.094548682488191
2021-05-17,0.2399828980893896
2021-05-18,7.890419447024518
2021-05-19,100.86251118530829
2021-05-20,36.607280536554754
2021-05-21,32.90313573864599
2021-05-22,14.353452622890472
2021-05-23,23.417752236127853
2021-05-24,30.733626964502037
2021-05-25,28.69910697142283
2021-05-26,1.8011000101523678
2021-05-27,3.246028350501244
2021-05-28,4.888095830877622
2021-05-29,0.31205868969360984
2021-05-30,0.5558147946430836
2021-05-31,6.438176829882043
2021-06-01,108.6717545054853
2021-06-02,34.344042775531605
2021-06-03,9.86888300200614
2021-06-04,6.37578692015571
2021-06-05,24.547867501595043
2021-06-06,82.49589232727885
2021-06-07,90.6957333907485
2021-06-08,21.465712242449325
2021-06-09,92.38968030549586
2021-06-10,32.779306111236416
2021-06-11,36.47137222190698
2021-06-12,149.64006319642067
2021-06-13,627.8441439693173
2021-06-14,227.10110899060965
2021-06-15,18.791352307982834
2021-06-16,44.66404331227143
2021-06-17,19.43177603825461
2021-06-18,0.8749701053602621
2021-06-19,16.53278209172034
2021-06-20,103.26315723359585
2021-06-21,70.06145684669416
2021-06-22,14.271486798922222
2021-06-23,12.01258355868049
2021-06-24,2.9936434667130625
2021-06-25,11.569396288056547
2021-06-26,2.8532899140069885
2021-06-27,3.005930905540784
2021-06-28,0.9815211080005308
2021-06-29,0.24488475054340597
2021-06-30,5.78433850860165
2021-07-01,2.895863466740896
2021-07-02,1.6041124860445657
2021-07-03,28.557588548089065
2021-07-04,12.16137198692498
2021-07-05,2.623739880315649
2021-07-06,0.5095793555180231
2021-07-07,23.727904993575066
2021-07-08,21.553701255470514
2021-07-09,85.5463408632204
2021-07-10,48.14087819928924
2021-07-11,24.827167139543842
2021-07-12,28.161495336098596
2021-07-13,25.92641884305825
2021-07-14,20.15137153211981
2021-07-15,23.195207856285077
2021-07-16,28.481616685166955
2021-07-17,104.52983429034552
2021-07-18,62.877424465841614
2021-07-19,50.742544808114566
2021-07-20,56.53326014677684
2021-07-21,51.33920771380265
2021-07-22,4.171871952712536
2021-07-23,4.268661127813781
2021-07-24,164.98602094167532
2021-07-25,231.55681838591892
2021-07-26,36.45198995557924
2021-07-27,17.836351281342406
2021-07-28,29.15430899399022
2021-07-29,185.55815578438342
2021-07-30,51.36438192178806
2021-07-31,56.421305782472096
2021-08-01,73.73191689451535
2021-08-02,4.874534575071721
2021-08-03,24.187603398828138
2021-08-04,113.77053260803223
2021-08-05,31.698603741824627
2021-08-06,26.59668199097117
2021-08-07,4.760097782127559
2021-08-08,0.7060014644783527
2021-08-09,1.1339283123864639
2021-08-10,2.913524333901781
2021-08-11,27.61445501043151
2021-08-12,1.9033551251103138
2021-08-13,0.6562379536726818
2021-08-14,61.44971734223267
2021-08-15,24.08098733673493
2021-08-16,44.914651165405914
2021-08-17,33.56826207600534
2021-08-18,10.979054696508683
2021-08-19,0.7344864231299653
2021-08-20,0.30111949023800355
2021-08-21,2.9329010878427653
2021-08-22,0.690574435649675
2021-08-23,0.9569123125174883
2021-08-24,15.752833723672666
2021-08-25,0.8610959353101559
2021-08-26,16.260760783855705
2021-08-27,32.88662090587119
2021-08-28,87.83787053544074
2021-08-29,115.5522770093133
2021-08-30,22.238595663414646
2021-08-31,18.015775534634788
2021-09-01,3.165817672076325
2021-09-02,2.4651734061383954
2021-09-03,20.915680317557417
2021-09-04,46.34840129098545
2021-09-05,13.872971882422764
2021-09-06,7.952557206347895
2021-09-07,24.16365463674689
2021-09-08,2.0462542146295464
2021-09-09,0.15237277240961095
2021-09-10,54.14556183247138
2021-09-11,169.38441817959148
2021-09-12,94.42911899338166
2021-09-13,90.69287809543312
2021-09-14,8.515223436794864
2021-09-15,1.5785369863692722
2021-09-16,0.7347338962669405
2021-09-17,0.037725667959875864
2021-09-18,45.08765585755631
2021-09-19,38.51341529516503
2021-09-20,13.587097978840271
2021-09-21,4.365584642315904
2021-09-22,0.9778945777118984
2021-09-23,11.681885241220394
2021-09-24,6.364748172927648
2021-09-25,34.74683571451654
2021-09-26,51.297018746845424
2021-09-27,19.37869213676701
2021-09-28,10.325058052937191
2021-09-29,4.0483266512940945
2021-09-30,0.6006027751444283
2021-10-01,3.1616891633044966
2021-10-02,2.2848847016575746
2021-10-03,2.9703952323567737
2021-10-04,5.394436853627364
2021-10-05,4.0196863197100665
2021-10-06,19.403451668525424
2021-10-07,127.35451369856794
2021-10-08,51.57639427731435
2021-10-09,20.385157627364
2021-10-10,1.2490792820851007
2021-10-11,10.06085982417441
2021-10-12,35.13797391206026
2021-10-13,11.868783133104444
2021-10-14,2.63371338272312
2021-10-15,20.226969569921494
2021-10-16,6.9556927153219785
2021-10-17,10.355546973490465
2021-10-18,4.043217136980577
2021-10-19,0.7821827972406936
2021-10-20,17.2644754134429
2021-10-21,10.216018743813038
2021-10-22,31.907273184818525
2021-10-23,7.425066514406353
2021-10-24,6.256635419170683
2021-10-25,16.575847108227514
2021-10-26,1.7887737252749503
2021-10-27,0.0689697740729874
2021-10-28,68.19691968450645
2021-10-29,26.13145237167676
2021-10-30,22.042482423906527
2021-10-31,28.854854886109628
2021-11-01,31.439757595459618
2021-11-02,26.45817715092562
2021-11-03,15.900030043364191
2021-11-04,6.804551149252802
2021-11-05,66.85828525320782
2021-11-06,67.95238939424355
2021-11-07,49.41731419724723
2021-11-08,14.70639971860995
2021-11-09,1.794349227445006
2021-11-10,0.6084716795157874
2021-11-11,0.6816464660005295
2021-11-12,2.0493875606916845
2021-11-13,0.2780262945937769
2021-11-14,0.03864876719035237
2021-11-15,0.023281076031859506
2021-11-16,5.920276277902303
2021-11-17,0.3131459084139957
2021-11-18,0.01917599350160041
2021-11-19,0.2798875124388663
2021-11-20,1.8280351445355336
2021-11-21,1.272829613481008
2021-11-22,4.169174767836617
2021-11-23,1.8030937872633026
2021-11-24,23.419398971634564
2021-11-25,71.8060351908207
2021-11-26,73.72755352407694
2021-11-27,39.28448157384992
2021-11-28,17.368929910783965
2021-11-29,1.5293865154186883
2021-11-30,50.794431229587644
2021-12-01,22.318924466768898
2021-12-02,41.04491372127086
2021-12-03,20.38401203462854
2021-12-04,9.707015696524952
2021-12-05,1.1264333229822419
2021-12-06,4.8244355964319166
2021-12-07,6.263994037484129
2021-12-08,3.458231532325347
2021-12-09,11.886959491918486
2021-12-10,9.118976579823842
2021-12-11,14.813240972580388
2021-12-12,14.199047388198476
2021-12-13,34.57852288459738
2021-12-14,21.499595243949443
2021-12-15,57.37828598357737
2021-12-16,19.141623843461275
2021-12-17,3.8489516552848118
2021-12-18,90.0552974276555
2021-12-19,605.6568846106529
2021-12-20,90.082555427216
2021-12-21,173.20397837708393
2021-12-22,25.63506669054429
2021-12-23,22.56465155708914
2021-12-24,32.9647288347284
2021-12-25,73.96897704650958
2021-12-26,112.7986223747333
2021-12-27,84.08814864233136
2021-12-28,99.54004573325315
2021-12-29,16.631232444584988
2021-12-30,30.473114924582966
2021-12-31,32.89618102523188
2022-01-01,21.614183935647212
2022-01-02,46.85944256101114
2022-01-03,180.81464188483852
2022-01-04,105.83678223192692
2022-01-05,103.16802697877088
2022-01-06,263.1083124006788
2022-01-07,87.9721299900363
2022-01-08,59.65335487077633
2022-01-09,63.31643623610338
2022-01-10,123.87040372317036
2022-01-11,123.63466039920846
2022-01-12,103.41244954615831
2022-01-13,139.67371443577576
2022-01-14,205.4198872453223
2022-01-15,314.03052608172095
2022-01-16,68.19396087278922
2022-01-17,105.54451373682241
2022-01-18,45.4289758267502
2022-01-19,275.7422621206691
2022-01-20,142.01701587686935
2022-01-21,60.164913651533425
2022-01-22,155.86308260293058
2022-01-23,401.4795543005069
2022-01-24,208.74340906739235
2022-01-25,180.0443292595446
2022-01-26,42.11619092772405
2022-01-27,25.938914824898042
2022-01-28,4.714681904442841
2022-01-29,0.37510146357438623
2022-01-30,10.374495228946518
2022-01-31,23.447431248496287
2022-02-01,57.08404062315822
2022-02-02,52.895628272866205
2022-02-03,190.24787532786527
2022-02-04,407.94901318537694
2022-02-05,2092.0224379127226
2022-02-06,511.43663537999
2022-02-07,15.236161632977502
2022-02-08,16.0045312368311
2022-02-09,48.56972326621569
2022-02-10,28.91223302964742
2022-02-11,33.065929473377764
2022-02-12,27.676655476291973
2022-02-13,83.80000815571596
2022-02-14,32.11877416664113
2022-02-15,52.17933334643021
2022-02-16,85.3849002160132
2022-02-17,64.46884144097567
2022-02-18,32.909876046081386
2022-02-19,43.89760725510617
2022-02-20,7.790218494725802
2022-02-21,172.8322914064241
2022-02-22,2246.154048293829
2022-02-23,295.4276892667016
2022-02-24,19.205238965029515
2022-02-25,198.42827891310057
2022-02-26,492.595616231362
2022-02-27,202.3292995368441
2022-02-28,64.14998951756085
2022-03-01,26.959409176682435
2022-03-02,53.897143562790006
2022-03-03,95.27777953771874
2022-03-04,18.809664257181186
2022-03-05,30.281013882874202
2022-03-06,76.0441423393786
2022-03-07,52.42379707827543
2022-03-08,57.84345891637107
2022-03-09,90.19318521022797
2022-03-10,88.07291916649167
2022-03-11,57.98443045156697
2022-03-12,36.98395309426511
2022-03-13,197.25688725399473
2022-03-14,309.3374640370409
2022-03-15,130.17106745392084
2022-03-16,41.96798362051292
2022-03-17,45.986621310779206
2022-03-18,44.13513263377051
2022-03-19,194.07478192200264
2022-03-20,23.89297783956863
2022-03-21,7.136591198892953
2022-03-22,7.647968540307678
2022-03-23,12.806310761758747
2022-03-24,7.853316056086139
2022-03-25,16.642336197158635
2022-03-26,42.068943598618105
2022-03-27,19.714824645780027
2022-03-28,227.76794134018323
2022-03-29,192.42101774240535
2022-03-30,128.07226485262314
2022-03-31,76.71756291141114
2022-04-01,82.03497387779255
2022-04-02,9.21448705776129
2022-04-03,12.701549055539846
2022-04-04,5.631283402059732
2022-04-05,4.693098118915866
2022-04-06,54.19573318989327
2022-04-07,104.39744211422901
2022-04-08,124.75733344132702
2022-04-09,29.26748531560103
2022-04-10,53.21109493573506
2022-04-11,76.90695494723816
2022-04-12,41.595710666539766
2022-04-13,77.65725000451008
2022-04-14,57.843565195798874
2022-04-15,90.25442653025189
2022-04-16,61.829244423036776
2022-04-17,20.598517187560596
2022-04-18,16.120416934912402
2022-04-19,3.6431249058485564
2022-04-20,20.42611472996896
2022-04-21,52.10987467629214
2022-04-22,119.65960655361414
2022-04-23,254.16967732210955
2022-04-24,322.05901133517426
2022-04-25,82.0547516612957
2022-04-26,9.741358458268223
2022-04-27,19.469321278544765
2022-04-28,7.019952350916961
2022-04-29,64.84801191836596
2022-04-30,3.684161151856339
2022-05-01,2.515442793022279
2022-05-02,31.59446275482575
2022-05-03,17.951407562941313
2022-05-04,18.30750665006538
2022-05-05,47.63889953804513
2022-05-06,95.49143520804743
2022-05-07,146.9004606207212
2022-05-08,38.65198858159904
2022-05-09,24.172308474468693
2022-05-10,2.5554027404723456
2022-05-11,0.6476972161635786
2022-05-12,21.716890359190682
2022-05-13,62.46352094846468
2022-05-14,21.944650588557124
2022-05-15,8.852331906867523
2022-05-16,118.62997969146818
2022-05-17,145.6702472642064
2022-05-18,34.85314834397286
2022-05-19,30.976748652756214
2022-05-20,6.433050706982613
2022-05-21,4.13546539524153
2022-05-22,0.3254761257342883
2022-05-23,16.299189385851303
2022-05-24,1.9360382497931519
2022-05-25,0.17399490630699194
2022-05-26,0.6454686313228801
2022-05-27,56.48338403550497
2022-05-28,120.74270329127708
2022-05-29,56.88951675159235
2022-05-30,18.682251513625186
2022-05-31,3.830016373346249
2022-06-01,0.24472872416178384
2022-06-02,19.899888481813832
2022-06-03,68.10282574345668
2022-06-04,181.40418492257595
2022-06-05,85.22251825779676
2022-06-06,78.17044317101438
2022-06-07,67.56995317215721
2022-06-08,112.60989947865407
2022-06-09,258.58396378656226
2022-06-10,17.951411994484562
2022-06-11,40.117549709005594
2022-06-12,140.10098511353135
2022-06-13,107.22633452775577
2022-06-14,512.4970484524965
2022-06-15,51.027237344533205
2022-06-16,3.131231525912881
2022-06-17,8.019192231707468
2022-06-18,28.101708933051363
2022-06-19,99.90802324997881
2022-06-20,62.459489392737545
2022-06-21,27.849583762387432
2022-06-22,28.142128946880497
2022-06-23,139.32274992888173
2022-06-24,39.245445343355335
2022-06-25,29.7106093300196
2022-06-26,4.698077440601386
2022-06-27,126.940676868738
2022-06-28,32.5225662595282
2022-06-29,33.61148370507484
2022-06-30,46.658315804476544
2022-07-01,27.210755413398147
2022-07-02,24.835284713966153
2022-07-03,8.198660841056457
2022-07-04,17.423027326609976
2022-07-05,24.48372112121433
2022-07-06,1.7758514143262498
2022-07-07,8.399522315448849
2022-07-08,31.85200330335647
2022-07-09,74.8566468556722
2022-07-10,34.330122312530875
2022-07-11,40.34158552531153
2022-07-12,5.791048629544093
2022-07-13,42.62244504255553
2022-07-14,18.86723132338375
2022-07-15,2.2630009623147394
2022-07-16,42.881847211780645
2022-07-17,41.96752727342149
2022-07-18,91.7899469146505
2022-07-19,69.77312515179317
2022-07-20,52.28355804768701
2022-07-21,67.24891594300668
2022-07-22,23.158962741338957
2022-07-23,17.128923380126558
2022-07-24,2.4949761649622815
2022-07-25,6.310017400998428
2022-07-26,6.5665672756343465
2022-07-27,4.197296367298501
2022-07-28,17.218836024221673
2022-07-29,17.7247839300738
2022-07-30,42.73957202676684
2022-07-31,14.373935433104634
2022-08-01,2.0265720897252018
2022-08-02,32.75952962382386
2022-08-03,101.42561276443303
2022-08-04,63.153905483583614
2022-08-05,8.35387054248713
2022-08-06,0.43476154444685255
2022-08-07,0.7504886361781853
2022-08-08,7.135676763713644
2022-08-09,10.743235519233469
2022-08-10,114.29348001256585
2022-08-11,42.44061255982766
2022-08-12,60.933646986571446
2022-08-13,12.925324825725209
2022-08-14,4.284414708430026
2022-08-15,0.6042671967558513
2022-08-16,2.9414912457165583
2022-08-17,20.740346144884825
2022-08-18,1.4759170978019633
2022-08-19,0.03021232198913519
2022-08-20,0.0333787729762965
2022-08-21,1.452617793408232
2022-08-22,33.13869386911392
2022-08-23,7.7442710171453655
2022-08-24,54.801273640866086
2022-08-25,19.571637928796314
2022-08-26,20.998040299552184
2022-08-27,24.151144300897915
2022-08-28,12.983336637262255
2022-08-29,0.6421352368003378
2022-08-30,3.1792968504305463
2022-08-31,6.777595848628456
2022-09-01,5.330491066160903
2022-09-02,28.06259738766433
2022-09-03,8.594054577406496
2022-09-04,2.144640847109258
2022-09-05,21.541910674811028
2022-09-06,11.846259574910315
2022-09-07,5.245856134570204
2022-09-08,30.98400479842288
2022-09-09,2.6045951907879803
2022-09-10,25.59413658066963
2022-09-11,7.93980925421541
2022-09-12,1.980644375241051
2022-09-13,0.5524850963562737
2022-09-14,22.746092765009962
2022-09-15,17.449345241766423
2022-09-16,33.35916509386152
2022-09-17,65.48307524062693
2022-09-18,30.580770604622863
2022-09-19,18.294679090225447
2022-09-20,18.06541793824484
2022-09-21,27.967834596832596
2022-09-22,25.129587467138965
2022-09-23,9.270739180889603
2022-09-24,22.726515890099108
2022-09-25,19.12688093725592
2022-09-26,26.327526930253953
2022-09-27,1.8052469000394922
2022-09-28,13.078924765007589
2022-09-29,59.0596716850996
2022-09-30,4.686231849094232
2022-10-01,0.462516899703284
2022-10-02,2.4795933374358965
2022-10-03,0.36150371603677434
2022-10-04,0.02871314028046375
2022-10-05,0.05597223819980475
2022-10-06,0.3614257271086292
2022-10-07,0.06663218779673723
2022-10-08,0.35578981041908264
2022-10-09,4.257020529985311
2022-10-10,0.24445752151602088
2022-10-11,0.003978609959176538
2022-10-12,0.4539327027790326
2022-10-13,21.638531053516395
2022-10-14,24.106239814621706
2022-10-15,13.032367654765647
2022-10-16,0.6126355698143016
2022-10-17,0.9843414738497813
2022-10-18,4.309803833045104
2022-10-19,5.735440989762234
2022-10-20,40.04622838304689
2022-10-21,19.2801496013999
2022-10-22,1.0229249174396198
2022-10-23,1.4569127309944936
2022-10-24,3.3295412858099858
2022-10-25,0.9848956853602431
2022-10-26,0.4710035337363175
2022-10-27,1.2975347429687645
2022-10-28,2.089975858143589
2022-10-29,29.35691846517632
2022-10-30,60.29423653768996
2022-10-31,8.786026023638746
2022-11-01,0.9318285946316488
2022-11-02,0.6837141030094548
2022-11-03,1.6575177213402035
2022-11-04,10.9538905619047
2022-11-05,1.287728738983181
2022-11-06,0.8788622818732013
2022-11-07,2.7735797987891906
2022-11-08,1.1151519791913715
2022-11-09,0.2627036294938989
2022-11-10,0.07063500615913654
2022-11-11,0.6201011633190017
2022-11-12,0.7344844393325427
2022-11-13,11.204009234825207
2022-11-14,102.71338803383212
2022-11-15,79.78058263349037
2022-11-16,30.29849686815093
2022-11-17,41.09116212154428
2022-11-18,22.385480652640886
2022-11-19,17.567425520004083
2022-11-20,4.53075684296588
2022-11-21,265.0856637085477
2022-11-22,80.62553781395158
2022-11-23,55.521326108525194
2022-11-24,23.944663985942803
2022-11-25,7.486801839938076
2022-11-26,17.91591921064537
2022-11-27,1.3744101425497017
2022-11-28,0.51270940394564
2022-11-29,0.041191386238400206
2022-11-30,12.589366608915498
2022-12-01,4.448915634808751
2022-12-02,21.57429196522571
2022-12-03,18.86628589903315
2022-12-04,22.27906317760547
2022-12-05,18.791748603102103
2022-12-06,9.780683787539601
2022-12-07,27.980785258114338
2022-12-08,28.420378438507516
2022-12-09,46.65465756940345
2022-12-10,33.99421940557659
2022-12-11,14.256491883922234
2022-12-12,138.69239550937587
2022-12-13,85.92798622945944
2022-12-14,40.303235431201756
2022-12-15,59.075360683103405
2022-12-16,81.85503416170832
2022-12-17,43.325407818580665
2022-12-18,3.1858443866402313
2022-12-19,1.4120239569820114
2022-12-20,45.91858344501816
2022-12-21,58.80721341818571
2022-12-22,90.08133594567576
2022-12-23,22.186363340976335
2022-12-24,33.32724334516873
2022-12-25,55.381531827151775
2022-12-26,34.35324113816023
2022-12-27,71.22152495818833
2022-12-28,22.095498256385326
2022-12-29,6.755966693162918
2022-12-30,10.096754261758178
2022-12-31,1.0690023038478103
2023-01-01,4.103961836275024
2023-01-02,1.7125266772230439
2023-01-03,5.993292954372009
2023-01-04,43.580453827356294
2023-01-05,22.593842462326087
2023-01-06,25.421075806176912
2023-01-07,14.579558318170408
2023-01-08,15.789677078525225
2023-01-09,13.871937342143308
2023-01-10,40.226193044024214
2023-01-11,90.14830912152927
2023-01-12,303.5140693808595
2023-01-13,270.59773853980005
2023-01-14,103.28143835067749
2023-01-15,62.933245503033206
2023-01-16,45.923058269545436
2023-01-17,54.74597529973835
2023-01-18,76.96342516380051
2023-01-19,347.8787819854915
2023-01-20,631.480428452293
2023-01-21,607.7915121180316
2023-01-22,739.242730413874
2023-01-23,390.09317752594745
2023-01-24,271.0295969620347
2023-01-25,203.59268710017204
2023-01-26,244.97919348068535
2023-01-27,81.97469941029945
2023-01-28,31.577920530590596
2023-01-29,3.1291322099264107
2023-01-30,103.86111224462411
2023-01-31,182.403119886294
2023-02-01,148.17824832474193
2023-02-02,56.6563657252118
2023-02-03,248.72516289663812
2023-02-04,421.6175386682153
2023-02-05,339.95583647241193
2023-02-06,393.04284273336333
2023-02-07,404.513169452548
2023-02-08,86.31331917519371
2023-02-09,130.04876533523202
2023-02-10,25.390013815679897
2023-02-11,6.365139725191208
2023-02-12,5.4526195919606835
2023-02-13,28.471260890364647
2023-02-14,30.23069769454499
2023-02-15,131.80462518551695
2023-02-16,844.2490797489882
2023-02-17,74.4573933382829
2023-02-18,6.666569784283638
2023-02-19,10.242159131060665
2023-02-20,1.5953476880288995
2023-02-21,902.9205136534681
2023-02-22,151.24594254108766
2023-02-23,195.80331220446777
2023-02-24,34.05760461464524
2023-02-25,7.621918749646284
2023-02-26,14.562402735464275
2023-02-27,21.21771460418434
2023-02-28,24.819820494546246
2023-03-01,12.281534340581857
2023-03-02,48.83543051158389
2023-03-03,216.09333958476782
2023-03-04,277.8239525233706
2023-03-05,155.72320455685258
2023-03-06,46.68967191977723
2023-03-07,62.227412670229874
2023-03-08,187.80576145897308
2023-03-09,344.1467984889944
2023-03-10,138.25661432929337
2023-03-11,120.20808695815504
2023-03-12,193.57487907012302
2023-03-13,92.58196918914715
2023-03-14,75.91967969201505
2023-03-15,185.20014582512277
2023-03-16,32.09920213169728
2023-03-17,89.61737268466929
2023-03-18,120.57270258665085
2023-03-19,145.25167029350996
2023-03-20,157.93983386829495
2023-03-21,316.2553171316783
2023-03-22,273.96386433392763
2023-03-23,101.31492028012872
2023-03-24,35.653779190033674
2023-03-25,63.06998266760881
2023-03-26,33.82068913973247
2023-03-27,18.17198077527185
2023-03-28,47.42216678957144
2023-03-29,34.83709332843621
2023-03-30,16.43312422869106
2023-03-31,36.37805103013913
2023-04-01,34.829388884827495
2023-04-02,214.19433183036745
2023-04-03,78.16293520542483
2023-04-04,33.02712252674003
2023-04-05,52.74765870223443
2023-04-06,80.69038428366184
2023-04-07,31.694497955807797
2023-04-08,85.51479203160852
2023-04-09,157.72121616949636
2023-04-10,46.00939151520531
2023-04-11,12.035522823377203
2023-04-12,2.7126240039554737
2023-04-13,4.111954073111216
2023-04-14,14.247994652638834
2023-04-15,9.704647726418141
2023-04-16,79.81537485902663
2023-04-17,94.77607028869292
2023-04-18,88.44861450294654
2023-04-19,105.439943781433
2023-04-20,128.19647033077976
2023-04-21,17.405234215160213
2023-04-22,17.674391468365986
2023-04-23,32.00414068996906
2023-04-24,4.046098391112688
2023-04-25,38.70578841306269
2023-04-26,36.836908594705164
2023-04-27,17.37990596642097
2023-04-28,22.293314089377724
2023-04-29,22.073477731707197
2023-04-30,24.966201217224203
2023-05-01,7.60914354484612
2023-05-02,76.85823577921838
2023-05-03,58.330294117331505
2023-05-04,20.381457793215908
2023-05-05,16.229084343649447
2023-05-06,20.770573716921113
2023-05-07,26.8824047408998
2023-05-08,57.074016612023115
2023-05-09,27.17201749328524
2023-05-10,35.32652626745403
2023-05-11,52.966544435669974
2023-05-12,11.937357022543438
2023-05-13,23.532355504964166
2023-05-14,17.51726452882091
2023-05-15,34.331311588175595
2023-05-16,8.249253015249753
2023-05-17,13.105139500900503
2023-05-18,8.442462670306364
2023-05-19,1.341614623864492
2023-05-20,0.06343921025594076
2023-05-21,4.166841382781665
2023-05-22,1.0608757531978579
2023-05-23,50.28864706364402
2023-05-24,335.46615156034625
2023-05-25,505.2349364385009
2023-05-26,119.61963766564925
2023-05-27,37.973096881372236
2023-05-28,49.522294352451965
2023-05-29,2.486552530899644
2023-05-30,3.419655665250805
2023-05-31,7.790606341829212
2023-06-01,57.696299274296805
2023-06-02,21.417965134605765
2023-06-03,17.852850235067308
2023-06-04,11.570930806919932
2023-06-05,13.762914094453059
2023-06-06,6.812576598410184
2023-06-07,51.22386160267828
2023-06-08,21.51003771771987
2023-06-09,1.8796892784545587
2023-06-10,2.119517176530887
2023-06-11,1.9951832558338842
2023-06-12,0.4543341675571355
2023-06-13,0.6575539315842132
2023-06-14,0.19415630624735059
2023-06-15,0.26484680923507153
2023-06-16,0.032877071915512104
2023-06-17,12.543979803793567
2023-06-18,24.560010945424438
2023-06-19,3.6106624330083528
2023-06-20,0.3225476448619702
2023-06-21,0.0585677323025872
2023-06-22,0.791985193139529
2023-06-23,38.764333933067974
2023-06-24,135.4949294938706
2023-06-25,15.87391508892324
2023-06-26,1.0959962983065452
2023-06-27,0.035380517905044456
2023-06-28,3.2518051381885016
2023-06-29,65.53158259678942
2023-06-30,26.4961283634572
2023-07-01,5.374042290592721
2023-07-02,40.37313718193521
2023-07-03,36.23333008339008
2023-07-04,9.603396504341314
2023-07-05,2.3446260724237318
2023-07-06,16.254904552867327
2023-07-07,77.59333710807064
2023-07-08,50.98415181661645
2023-07-09,14.768317777391834
2023-07-10,14.38259026617743
2023-07-11,1.290694101627802
2023-07-12,79.56586437752169
2023-07-13,13.03666006521477
2023-07-14,155.9494768793229
2023-07-15,39.31928832704822
2023-07-16,1.6970433294773102
2023-07-17,5.775202021565445
2023-07-18,30.285599515385307
2023-07-19,17.114603150791176
2023-07-20,0.9171244533111651
2023-07-21,97.88284242771776
2023-07-22,115.97504103556275
2023-07-23,23.977027965399124
2023-07-24,2.9314816959716454
2023-07-25,22.066266985590723
2023-07-26,80.33316805958748
2023-07-27,7.695423809733863
2023-07-28,13.344394906501595
2023-07-29,14.829921716591343
2023-07-30,0.7933035017534469
2023-07-31,2.4502860401336575
2023-08-01,11.478584964061156
2023-08-02,57.395482827754066
2023-08-03,234.43803366584083
2023-08-04,42.01228483580053
2023-08-05,167.08370856940746
2023-08-06,116.74758596345782
2023-08-07,68.2016828097403
2023-08-08,61.7965089622885
2023-08-09,126.1160759565731
2023-08-10,12.91815706839164
2023-08-11,65.28519370282689
2023-08-12,6.189729428380511
2023-08-13,16.528015443304866
2023-08-14,70.52196643004815
2023-08-15,33.35900747527679
2023-08-16,13.176228106021881
2023-08-17,90.1863457635045
2023-08-18,10.366980358958244
2023-08-19,0.660344585776329
2023-08-20,4.292836769794423
2023-08-21,17.219603096600622
2023-08-22,4.128978500860588
2023-08-23,15.915063449695783
2023-08-24,15.488340499966094
2023-08-25,67.07876083285859
2023-08-26,31.82200692438831
2023-08-27,4.556447469318907
2023-08-28,272.67485298216343
2023-08-29,290.93463849276304
2023-08-30,36.8177168245893
2023-08-31,17.403298678497475
2023-09-01,10.268401267482357
2023-09-02,14.233247863982495
2023-09-03,20.634932486185182
2023-09-04,15.861545309113959
2023-09-05,7.600295993809899
2023-09-06,0.33255418141682946
2023-09-07,1.4518989900049442
2023-09-08,10.436424104652056
2023-09-09,0.7915907837135213
2023-09-10,1.6987089354150464
2023-09-11,1.2065009477131148
2023-09-12,0.03952234910684638
2023-09-13,0.24430636876028675
2023-09-14,3.6951048340483794
2023-09-15,16.89988192132053
2023-09-16,8.945562962132195
2023-09-17,0.49428442960485575
2023-09-18,2.7683372297853266
2023-09-19,20.93591493127557
2023-09-20,9.460740070790052
2023-09-21,0.6462504446706893
2023-09-22,2.9151015259685664
2023-09-23,24.470464039283495
2023-09-24,28.284304526944954
2023-09-25,1.6692187710418693
2023-09-26,19.25899669774177
2023-09-27,12.639113849339385
2023-09-28,28.538880869746208
2023-09-29,3.2680374875970606
2023-09-30,0.11866501373939778
2023-10-01,0.011059605079329533
2023-10-02,55.68404309449306
2023-10-03,47.01113247623046
2023-10-04,2.3417280676464243
2023-10-05,13.54988975993668
2023-10-06,5.243934826770177
2023-10-07,1.2951065475742023
2023-10-08,0.056915738067194376
2023-10-09,0.05569073361660533
2023-10-10,0.08696803951882734
2023-10-11,0.094159224863688
2023-10-12,1.1584381306117089
2023-10-13,1.5160039047865816
2023-10-14,0.14387369679601153
2023-10-15,1.0394185132705995
2023-10-16,11.532339774809468
2023-10-17,43.94996895765265
2023-10-18,32.464958089985885
2023-10-19,80.73501377463496
2023-10-20,37.84495414195892
2023-10-21,24.378780066035688
2023-10-22,5.3056541907911505
2023-10-23,5.006152478927106
2023-10-24,0.5421270920654326
2023-10-25,3.5090834678233778
2023-10-26,37.77586891822769
2023-10-27,684.1766066228349
2023-10-28,68.21276939784488
2023-10-29,6.502922695290181
2023-10-30,1.2898538329295661
2023-10-31,1.3230957324594783
2023-11-01,3.75788806413766
2023-11-02,26.97517468471157
2023-11-03,65.90925417840481
2023-11-04,86.57392868772149
2023-11-05,34.280415500203766
2023-11-06,45.85682946878175
2023-11-07,35.33360118356844
2023-11-08,20.928699957827725
2023-11-09,3.2356388231467763
2023-11-10,161.86315962501493
2023-11-11,69.63141065401337
2023-11-12,7.224555437763533
2023-11-13,0.271913490382758
2023-11-14,45.15264837267144
2023-11-15,292.0768555253744
2023-11-16,140.02855264892182
2023-11-17,112.1534111443907
2023-11-18,41.94242714826638
2023-11-19,10.765599878504872
2023-11-20,4.665716524080684
2023-11-21,0.934309625241288
2023-11-22,3.345486084269093
2023-11-23,49.97812310078491
2023-11-24,26.338188547379104
2023-11-25,97.7384312544018
2023-11-26,15.834390683448873
2023-11-27,0.7966917250693466
2023-11-28,0.8945073808718007
2023-11-29,0.04732757670353749
2023-11-30,36.79669151694422
2023-12-01,205.54363497843343
2023-12-02,149.01929174860317
2023-12-03,8.453800405065218
2023-12-04,0.22436175495386124
2023-12-05,0.6176329462808401
2023-12-06,0.9396245074943483
2023-12-07,31.272945118447147
2023-12-08,5.051463764311848
2023-12-09,5.227859476084026
2023-12-10,31.932464820177607
2023-12-11,24.796874557311334
2023-12-12,9.952362777160792
2023-12-13,6.289305821216355
2023-12-14,17.237629011894267
2023-12-15,11.573407127677152
2023-12-16,3.7546463388328752
2023-12-17,34.098474880371064
2023-12-18,39.80635822129746
2023-12-19,21.839661694442235
2023-12-20,12.437175158023212
2023-12-21,9.352344305564959
2023-12-22,54.437692979505904
2023-12-23,215.47812485756975
2023-12-24,226.41699987774092
2023-12-25,23.06041195988655
2023-12-26,16.062594119769834
2023-12-27,37.50368317899605
2023-12-28,87.00136511276165
2023-12-29,58.949590412278965
2023-12-30,234.31207469354075
2023-12-31,466.08438274512685
2024-01-01,130.41595046718916
2024-01-02,106.48869305538636
2024-01-03,46.21847663074732
2024-01-04,37.985275126993656
2024-01-05,534.2867645124594
2024-01-06,185.58995065589744
2024-01-07,45.33191695809364
2024-01-08,63.303791747118034
2024-01-09,128.24718253687024
2024-01-10,78.93283478915691
2024-01-11,23.340601598223053
2024-01-12,31.706648506224155
2024-01-13,4.0039947877327595
2024-01-14,1.9305728278898946
2024-01-15,0.7349782312909763
2024-01-16,73.06324791667673
2024-01-17,133.8950982162108
2024-01-18,97.72110407551129
2024-01-19,109.24496343359351
2024-01-20,185.1300960406661
2024-01-21,57.04040055473645
2024-01-22,15.522638685069978
2024-01-23,46.80660334027683
2024-01-24,42.23867700590442
2024-01-25,40.17456416040659
2024-01-26,60.18026974052191
2024-01-27,5.32264644280076
2024-01-28,51.41902969529231
2024-01-29,106.78296939780316
2024-01-30,41.91664481380334
2024-01-31,92.381635789449
2024-02-01,441.4333127439022
2024-02-02,193.10171908388534
2024-02-03,97.14620398978393
2024-02-04,17.394505091942847
2024-02-05,143.56242497451603
2024-02-06,68.95225748497373
2024-02-07,74.41760030924343
2024-02-08,1217.4458790260055
2024-02-09,531.4867871503035
2024-02-10,134.80928561960658
2024-02-11,41.428551667680345
2024-02-12,41.1079836388429
2024-02-13,95.58279948929946
2024-02-14,213.55935847386718
2024-02-15,480.78191826740897
2024-02-16,853.1180631990235
2024-02-17,148.12311581335962
2024-02-18,264.42870817457634
2024-02-19,94.9210406281054
2024-02-20,51.316051006627575
2024-02-21,23.21037765359506
2024-02-22,33.12179961552222
2024-02-23,60.48598006988565
2024-02-24,32.451184132757284
2024-02-25,13.779818068724126
2024-02-26,232.7876927020649
2024-02-27,235.64937002956867
2024-02-28,209.21549641837674
2024-03-01,146.89975082874298
2024-03-02,80.17971656906109
2024-03-03,32.54022777934249
2024-03-04,754.0248161492248
2024-03-05,247.09183446442088
2024-03-06,123.56215990924588
2024-03-07,157.49631691724062
2024-03-08,54.617836636801556
2024-03-09,69.09355446696281
2024-03-10,31.565603862206142
2024-03-11,40.51593317417428
2024-03-12,49.11958291195333
2024-03-13,25.89094763000806
2024-03-14,19.85066853230819
2024-03-15,14.297421541414224
2024-03-16,32.25776141819854
2024-03-17,5.240692316632097
2024-03-18,19.47447732479001
2024-03-19,19.701264620137714
2024-03-20,29.093486489728093
2024-03-21,66.4565044765671
2024-03-22,89.24330320830146
2024-03-23,143.77616109947363
2024-03-24,548.9515436813235
2024-03-25,187.70175973574322
2024-03-26,48.95472085724274
2024-03-27,35.51929802633822
2024-03-28,50.309229393800095
2024-03-29,114.5400038609902
2024-03-30,13.858845614595339
2024-03-31,49.124497873708606
2024-04-01,228.6344464092205
2024-04-02,495.69781677176553
2024-04-03,946.6874808693926
2024-04-04,90.04011711804196
2024-04-05,26.969992710898318
2024-04-06,2.2064935852540657
2024-04-07,2.1349721534837345
2024-04-08,7.423583226045594
2024-04-09,4.352098357655147
2024-04-10,1.2303766600477197
2024-04-11,7.197262346744537
2024-04-12,159.1351713364323
2024-04-13,82.55329225212336
2024-04-14,67.00714791853291
2024-04-15,176.5914385517438
2024-04-16,72.45495586345594
2024-04-17,60.34359810873866
2024-04-18,21.967381797730923
2024-04-19,43.31891319404046
2024-04-20,2.359369955956936
2024-04-21,6.144927566250166
2024-04-22,15.975821980585655
2024-04-23,21.93383499979973
2024-04-24,27.81663417505721
2024-04-25,24.641928495839238
2024-04-26,25.154284620657563
2024-04-27,25.793663484121982
2024-04-28,113.92927556298673
2024-04-29,191.5832743048668
2024-04-30,512.2153683255116
2024-05-01,88.89769717740516
2024-05-02,3.0032714635315947
2024-05-03,39.73892982976395
2024-05-04,129.80625458682576
2024-05-05,44.43561866258581
2024-05-06,13.9809421574076
2024-05-07,38.335070200264454
2024-05-08,96.22045292829473
2024-05-09,78.76307784269254
2024-05-10,28.522102154480912
2024-05-11,54.34603304602206
2024-05-12,24.55832759539286
2024-05-13,10.376226632896152
2024-05-14,52.10572918100904
2024-05-15,172.76447073866925
2024-05-16,84.50474596271913
2024-05-17,39.46997015736997
2024-05-18,13.759564297894638
2024-05-19,53.31958003419762
2024-05-20,154.99161096910635
2024-05-21,54.35009994544089
2024-05-22,58.14048238874724
2024-05-23,69.52055769506842
2024-05-24,65.33685953666766
2024-05-25,38.15664239227772
2024-05-26,3.478510305285454
2024-05-27,14.231016777921468
2024-05-28,39.75618242596587
2024-05-29,13.871561730047688
2024-05-30,0.8213844080273702
2024-05-31,1.4405970150770977
2024-06-01,20.298374397680163
2024-06-02,7.500257436186075
2024-06-03,1.8388483569651726
2024-06-04,2.847232172158935
2024-06-05,5.988364790876706
2024-06-06,37.65826957921187
2024-06-07,21.70601855032146
2024-06-08,3.6535597561548157
2024-06-09,268.90353690832853
2024-06-10,136.73147534330684
2024-06-11,125.59218617777029
2024-06-12,82.8090453830858
2024-06-13,192.9242866113782
2024-06-14,10.398990162665692
2024-06-15,5.708210980223309
2024-06-16,32.95178955886513
2024-06-17,38.61176916398108
2024-06-18,17.177312336085986
2024-06-19,9.947943633111814
2024-06-20,3.2279922922801534
2024-06-21,17.763871592615033
2024-06-22,50.99609079770744
2024-06-23,77.07983894894521
2024-06-24,90.75907068327069
2024-06-25,104.63662498320141
2024-06-26,59.37082252154748
2024-06-27,43.5093814196686
2024-06-28,6.290803003745774
2024-06-29,4.567334701619075
2024-06-30,1.1560183863707607
2024-07-01,0.3590114699666931
2024-07-02,17.50057109869279
2024-07-03,25.316264231999718
2024-07-04,5.257413663033125
2024-07-05,0.2544448720603517
2024-07-06,0.035852828170845896
2024-07-07,0.005089243071173162
2024-07-08,0.19851252436637878
2024-07-09,0.02687722442260565
2024-07-10,7.3027098551392555
2024-07-11,2.31796382383133
2024-07-12,0.31072794081410393
2024-07-13,9.425082988673239
2024-07-14,6.9307071835889165
2024-07-15,0.6942457147185148
2024-07-16,0.20339501328029044
2024-07-17,0.18771234899759293
2024-07-18,0.062091646941553336
2024-07-19,0.811444527888246
2024-07-20,0.05277336114204445
2024-07-21,0.6772706993122786
2024-07-22,0.215418136876148
2024-07-23,21.26260281778135
2024-07-24,5.685553280636668
2024-07-25,0.5794093487149137
2024-07-26,0.10077655297209276
2024-07-27,6.597371771931648
2024-07-28,0.9591275203850577
2024-07-29,0.0547230192069037
2024-07-30,0.7177412409153777
2024-07-31,0.40226864149796404
2024-08-01,0.9127998509673791
2024-08-02,36.67574195036043
2024-08-03,1.9705141993199504
2024-08-04,0.06074525887621954
2024-08-05,0.003933409849802652
2024-08-06,0.1868794361750285
2024-08-07,17.18514064947764
2024-08-08,5.891778692603111
2024-08-09,11.629022968312103
2024-08-10,10.994850968321163
2024-08-11,15.40403084945865
2024-08-12,1.8955968203954399
2024-08-13,5.129965891076911
2024-08-14,8.551856627066929
2024-08-15,1.8243173758188884
2024-08-16,94.40606217831373
2024-08-17,21.890739196290568
2024-08-18,156.9060629544159
2024-08-19,86.94454273208976
2024-08-20,52.677483996376395
2024-08-21,66.2232283813258
2024-08-22,28.854104007283848
2024-08-23,8.653564258497681
2024-08-24,84.98843127551177
2024-08-25,16.23834304821988
2024-08-26,8.571149393295249
2024-08-27,14.486454799771309
2024-08-28,7.455002914260453
2024-08-29,5.812240866604649
2024-08-30,37.86984209048872
2024-08-31,21.206855579900243
2024-09-01,70.95102778015038
2024-09-02,24.06274134021563
2024-09-03,110.46721378806978
2024-09-04,370.33205299327767
2024-09-05,51.92502290010452
2024-09-06,12.394490217169126
2024-09-07,0.6362696488698324
2024-09-08,2.180234140299338
2024-09-09,0.14848313009376096
2024-09-10,0.22714027929093084
2024-09-11,1.497708254828467
2024-09-12,13.3616557851686
2024-09-13,45.94028678257018
2024-09-14,10.96744778721283
2024-09-15,11.269191408064216
2024-09-16,0.61672367698975
2024-09-17,8.851289521771832e-4
2024-09-18,0.2613111077759338
2024-09-19,0.08135321678158411
2024-09-20,1.2991511872314732
2024-09-21,0.24329056737239318
2024-09-22,0.0563758105196636
2024-09-23,66.53471011658212
2024-09-24,34.621839349468544
2024-09-25,11.925706857194504
2024-09-26,2.5464200725158053
2024-09-27,0.14420245683671357
2024-09-28,0.0012934206097270362
2024-09-29,0.012144942362131888
2024-09-30,0.6796066062520367
2024-10-01,18.671296788185522
2024-10-02,12.303627759683877
2024-10-03,182.16608806202808
2024-10-04,44.97113845621546
2024-10-05,12.915083094655225
2024-10-06,5.505025324722132
2024-10-07,1.164762545765067
2024-10-08,0.8614197318820516
2024-10-09,26.478893278423737
2024-10-10,32.32782596411804
2024-10-11,23.327157735669363
2024-10-12,44.887650199234486
2024-10-13,19.75985667280232
2024-10-14,18.06389258999843
2024-10-15,1.7195879083980494
2024-10-16,17.130678988011518
2024-10-17,77.134100223581
2024-10-18,25.9212263704588
2024-10-19,24.68862646880249
2024-10-20,13.212663893743109
2024-10-21,21.0290528795061
2024-10-22,74.68995243155707
2024-10-23,29.254830768331885
2024-10-24,14.87281184333066
2024-10-25,2.030064164561433
2024-10-26,3.282492293631852
2024-10-27,5.174990743398666
2024-10-28,4.1590675711631775
2024-10-29,3.063179987172286
2024-10-30,5.7539307201902075
2024-10-31,6.3453275710344315
2024-11-01,1.0250343630711238
2024-11-02,4.972862464880261
2024-11-03,3.6178347285992154
2024-11-04,4.304078685042138
2024-11-05,29.144530246655144
2024-11-06,25.873886370876182
2024-11-07,28.064198054683708
2024-11-08,18.297371132454522
2024-11-09,1.2717421321819227
2024-11-10,0.5818335943331476
2024-11-11,5.885054627045369
2024-11-12,3.5634295956697315
2024-11-13,0.4648851179808844
2024-11-14,0.11146763758157856
2024-11-15,2.3457975239580264
2024-11-16,0.7514881438207037
2024-11-17,0.4995871327992063
2024-11-18,4.614009518021097
2024-11-19,10.728980111889541
2024-11-20,28.301002845788997
2024-11-21,42.292815912514925
2024-11-22,20.164222532184795
2024-11-23,1.2626605948905005
2024-11-24,3.076920161530931
2024-11-25,5.048923970510563
2024-11-26,11.412534298142418
2024-11-27,8.151039977868399
2024-11-28,1.1209942010585414
2024-11-29,17.905715052881988
2024-11-30,244.68368467253944
2024-12-01,120.79943764644364
2024-12-02,31.863308092579246
2024-12-03,33.69894991628826
2024-12-04,5.8982596470741555
2024-12-05,0.5401481277658604
2024-12-06,0.6496131376252379
2024-12-07,0.256617627731733
2024-12-08,0.09360288489309218
2024-12-09,2.8039935602767705
2024-12-10,29.88013832461244
2024-12-11,27.86164729235073
2024-12-12,2.902094181627035
2024-12-13,13.25432807401133
2024-12-14,2.8752613507094793
2024-12-15,22.303218509963095
2024-12-16,1.872254128344745
2024-12-17,0.8250472366247172
2024-12-18,1.1678437510113326
2024-12-19,1.318928885848436
2024-12-20,0.24356643322486585
2024-12-21,6.385922369857629
2024-12-22,5.1140467170625925
2024-12-23,0.766608147144628
2024-12-24,0.2761424702612203
2024-12-25,2.343617522274144
2024-12-26,3.5292990204955763
2024-12-27,21.908991165886015
2024-12-28,3.998905358215173
2024-12-29,18.318571336567402
2024-12-30,8.481558342464268
2024-12-31,38.334556754368045
