date,mean.temp.C
2019-01-01,26.04062703450523
2019-01-02,25.961712646484397
2019-01-03,26.465125528971377
2019-01-04,26.889294433593772
2019-01-05,26.356610107421897
2019-01-06,27.011917114257834
2019-01-07,25.813606770833356
2019-01-08,26.374055989583358
2019-01-09,27.49488728841148
2019-01-10,26.430951944987
2019-01-11,26.719074503580753
2019-01-12,26.22154947916669
2019-01-13,26.62482096354169
2019-01-14,26.148732503255232
2019-01-15,26.29384969075523
2019-01-16,26.73691101074221
2019-01-17,27.21387125651044
2019-01-18,27.631158447265648
2019-01-19,27.433587646484398
2019-01-20,27.071025594075543
2019-01-21,25.885330200195334
2019-01-22,26.043066406250023
2019-01-23,26.759613037109396
2019-01-24,28.163183593750023
2019-01-25,27.87569274902346
2019-01-26,26.855832926432313
2019-01-27,25.071892293294294
2019-01-28,24.787977091471376
2019-01-29,24.634350585937522
2019-01-30,24.225439453125023
2019-01-31,25.090014648437524
2019-02-01,25.257778930664085
2019-02-02,25.038732910156273
2019-02-03,25.147673543294292
2019-02-04,26.115225219726586
2019-02-05,26.321572875976585
2019-02-06,26.61376647949221
2019-02-07,26.944471232096376
2019-02-08,23.942151896158876
2019-02-09,23.999143473307313
2019-02-10,24.87980651855471
2019-02-11,25.49557088216148
2019-02-12,26.084235636393252
2019-02-13,26.168809000651063
2019-02-14,26.40118815104169
2019-02-15,26.792305501302106
2019-02-16,26.300074259440127
2019-02-17,26.42119852701825
2019-02-18,26.90082194010419
2019-02-19,27.49769490559898
2019-02-20,28.35598551432294
2019-02-21,28.102778116862
2019-02-22,25.89107869466148
2019-02-23,24.028576660156272
2019-02-24,24.815881347656273
2019-02-25,25.693162027994813
2019-02-26,26.314138793945336
2019-02-27,26.29043172200523
2019-02-28,25.89866434733075
2019-03-01,26.56016743977867
2019-03-02,26.199827067057313
2019-03-03,26.272619628906273
2019-03-04,26.07375386555992
2019-03-05,25.163176472981792
2019-03-06,24.374629720052106
2019-03-07,24.4852966308594
2019-03-08,24.630364990234398
2019-03-09,25.072364298502627
2019-03-10,25.154375203450545
2019-03-11,25.127288818359396
2019-03-12,25.086564127604188
2019-03-13,24.022111002604188
2019-03-14,24.935616048177106
2019-03-15,24.596437581380233
2019-03-16,25.291497802734398
2019-03-17,25.911353556315127
2019-03-18,26.401084391276065
2019-03-19,26.50847066243492
2019-03-20,26.232219441731793
2019-03-21,25.81013793945315
2019-03-22,24.97640279134117
2019-03-23,24.36081949869794
2019-03-24,24.894856770833357
2019-03-25,25.45536804199221
2019-03-26,25.903013102213563
2019-03-27,25.58445027669273
2019-03-28,24.715891520182314
2019-03-29,25.04250386555992
2019-03-30,25.66694030761721
2019-03-31,25.27288818359377
2019-04-01,25.59897664388023
2019-04-02,25.764243570963565
2019-04-03,24.94899597167971
2019-04-04,24.961423746744813
2019-04-05,24.849961344401063
2019-04-06,24.728290812174503
2019-04-07,24.77872212727867
2019-04-08,25.261534627278667
2019-04-09,24.834322102864608
2019-04-10,25.54617106119794
2019-04-11,25.671604410807316
2019-04-12,26.05850321451825
2019-04-13,26.098100789388045
2019-04-14,26.527552286783877
2019-04-15,26.53750406901044
2019-04-16,26.383991495768253
2019-04-17,26.014912923177107
2019-04-18,24.54458923339846
2019-04-19,25.040517171223982
2019-04-20,24.76096089680992
2019-04-21,24.329682413737
2019-04-22,25.004104614257834
2019-04-23,24.834739176432315
2019-04-24,24.612673950195337
2019-04-25,24.792272949218773
2019-04-26,23.830114746093773
2019-04-27,25.00733337402346
2019-04-28,24.29835408528648
2019-04-29,23.221742757161483
2019-04-30,22.715461222330752
2019-05-01,22.735964965820337
2019-05-02,22.399361165364606
2019-05-03,22.697620646158878
2019-05-04,23.09109802246096
2019-05-05,23.63884989420575
2019-05-06,23.49632975260419
2019-05-07,22.640623982747417
2019-05-08,22.158033243815126
2019-05-09,21.930164591471378
2019-05-10,22.724835205078147
2019-05-11,23.739922078450544
2019-05-12,22.902338663737
2019-05-13,22.03528442382815
2019-05-14,22.546284993489607
2019-05-15,22.446382649739608
2019-05-16,22.47195943196617
2019-05-17,22.819494628906273
2019-05-18,22.620219930013043
2019-05-19,22.74875386555992
2019-05-20,22.671576944987002
2019-05-21,23.147469075520856
2019-05-22,23.347503662109396
2019-05-23,22.996907552083357
2019-05-24,22.40547790527346
2019-05-25,21.471399943033877
2019-05-26,20.610381062825542
2019-05-27,20.961305745442733
2019-05-28,20.886085001627627
2019-05-29,20.799427286783878
2019-05-30,21.901521809895858
2019-05-31,22.079548136393253
2019-06-01,21.328945922851585
2019-06-02,21.105645751953148
2019-06-03,21.46548258463544
2019-06-04,21.97866617838544
2019-06-05,21.658547973632835
2019-06-06,21.372809855143252
2019-06-07,21.5144226074219
2019-06-08,21.27739156087242
2019-06-09,20.949131266276066
2019-06-10,20.40529479980471
2019-06-11,20.43041992187502
2019-06-12,19.782784016927106
2019-06-13,20.147828165690125
2019-06-14,19.501389567057313
2019-06-15,19.88490905761721
2019-06-16,20.21286315917971
2019-06-17,20.51534830729169
2019-06-18,21.201123046875022
2019-06-19,20.212204996744813
2019-06-20,18.772917683919292
2019-06-21,20.020198567708356
2019-06-22,19.46445007324221
2019-06-23,19.120255533854188
2019-06-24,20.21286519368492
2019-06-25,20.67586873372398
2019-06-26,20.370734659830752
2019-06-27,20.78861490885419
2019-06-28,20.82863464355471
2019-06-29,21.597497558593773
2019-06-30,21.698962402343774
2019-07-01,20.907940673828147
2019-07-02,20.017201741536482
2019-07-03,20.530713907877626
2019-07-04,19.99544372558596
2019-07-05,20.566868082682316
2019-07-06,20.887005615234397
2019-07-07,21.529636637369816
2019-07-08,21.80342000325523
2019-07-09,21.666778564453146
2019-07-10,21.087666829427107
2019-07-11,20.98803710937502
2019-07-12,20.221587117513042
2019-07-13,20.1485778808594
2019-07-14,19.39749654134117
2019-07-15,19.069560750325543
2019-07-16,20.06124674479169
2019-07-17,19.508521525065127
2019-07-18,18.83384501139325
2019-07-19,19.47157185872398
2019-07-20,20.918728637695335
2019-07-21,21.273145548502626
2019-07-22,17.809390258789087
2019-07-23,18.153857421875024
2019-07-24,18.619781494140646
2019-07-25,19.409732055664087
2019-07-26,19.654402669270855
2019-07-27,19.71425679524742
2019-07-28,18.96413777669273
2019-07-29,20.061854044596377
2019-07-30,21.279967244466167
2019-07-31,21.856616210937524
2019-08-01,21.763294474283878
2019-08-02,22.00832926432294
2019-08-03,21.234266153971376
2019-08-04,20.746126302083358
2019-08-05,20.785623168945335
2019-08-06,20.582910156250023
2019-08-07,20.241632080078148
2019-08-08,19.842898559570337
2019-08-09,20.540678914388042
2019-08-10,20.148416137695335
2019-08-11,19.762334187825545
2019-08-12,20.08258972167971
2019-08-13,20.280702718098983
2019-08-14,20.74043172200523
2019-08-15,20.65794169108075
2019-08-16,20.860110473632837
2019-08-17,21.155486043294292
2019-08-18,20.312588500976585
2019-08-19,19.701098632812524
2019-08-20,20.284473673502628
2019-08-21,21.266323852539085
2019-08-22,19.73801167805992
2019-08-23,20.119147745768252
2019-08-24,20.04869791666669
2019-08-25,20.177893066406273
2019-08-26,20.179174804687523
2019-08-27,21.09127400716148
2019-08-28,21.191756184895855
2019-08-29,20.66702779134117
2019-08-30,20.831790161132837
2019-08-31,21.072507731119813
2019-09-01,21.760844930013043
2019-09-02,21.829303995768253
2019-09-03,21.401237996419294
2019-09-04,21.444111124674503
2019-09-05,21.75394694010419
2019-09-06,21.860042317708356
2019-09-07,18.423164876302106
2019-09-08,18.723236083984396
2019-09-09,19.863455200195336
2019-09-10,20.806695556640648
2019-09-11,21.392236328125023
2019-09-12,21.37273661295575
2019-09-13,22.02578023274742
2019-09-14,22.390204874674502
2019-09-15,23.128520711263043
2019-09-16,23.188615926106795
2019-09-17,20.96602681477867
2019-09-18,21.06960144042971
2019-09-19,21.99013875325523
2019-09-20,21.62576802571617
2019-09-21,20.535730997721377
2019-09-22,20.575621541341167
2019-09-23,21.254410807291688
2019-09-24,21.914520263671896
2019-09-25,22.55947672526044
2019-09-26,22.190667724609398
2019-09-27,22.530670166015646
2019-09-28,22.544065348307313
2019-09-29,23.672698974609396
2019-09-30,24.278593953450542
2019-10-01,24.531084187825545
2019-10-02,24.273046875000023
2019-10-03,23.991179402669292
2019-10-04,23.672483317057313
2019-10-05,23.736209106445337
2019-10-06,22.778480021158877
2019-10-07,22.518987019856795
2019-10-08,22.845495605468773
2019-10-09,22.91034851074221
2019-10-10,23.370275878906273
2019-10-11,23.605406697591167
2019-10-12,23.841873168945334
2019-10-13,24.316358439127626
2019-10-14,24.304790242513043
2019-10-15,22.94121500651044
2019-10-16,21.960932413737
2019-10-17,21.43829345703127
2019-10-18,21.61135457356773
2019-10-19,21.80208943684898
2019-10-20,22.439421590169292
2019-10-21,23.565623982747418
2019-10-22,25.125440470377626
2019-10-23,25.08634440104169
2019-10-24,25.627137247721375
2019-10-25,25.922806803385438
2019-10-26,25.682524617513042
2019-10-27,25.944253540039085
2019-10-28,26.016726684570337
2019-10-29,26.367727661132836
2019-10-30,26.092517089843774
2019-10-31,26.006790161132834
2019-11-01,22.785542805989607
2019-11-02,22.0882751464844
2019-11-03,22.67655944824221
2019-11-04,24.123396809895855
2019-11-05,25.170871988932316
2019-11-06,25.091271972656273
2019-11-07,24.801778157552107
2019-11-08,24.805498250325545
2019-11-09,25.931103515625022
2019-11-10,25.993793741862003
2019-11-11,26.027479044596376
2019-11-12,25.89723103841148
2019-11-13,26.03603210449221
2019-11-14,26.743545532226584
2019-11-15,25.227369181315126
2019-11-16,25.637232462565127
2019-11-17,27.177322387695334
2019-11-18,27.501575724283878
2019-11-19,26.435054524739606
2019-11-20,27.269568888346377
2019-11-21,27.58365885416669
2019-11-22,27.783291625976585
2019-11-23,24.99621582031252
2019-11-24,23.71324869791669
2019-11-25,24.388696289062523
2019-11-26,25.449902343750022
2019-11-27,26.01164957682294
2019-11-28,26.530332438151063
2019-11-29,26.026309204101587
2019-11-30,24.81045125325523
2019-12-01,25.232060750325545
2019-12-02,24.927431233723983
2019-12-03,25.65525105794273
2019-12-04,26.28605143229169
2019-12-05,26.183577473958355
2019-12-06,25.069851684570335
2019-12-07,26.713481648763043
2019-12-08,27.792691040039085
2019-12-09,27.959050496419295
2019-12-10,26.521442667643253
2019-12-11,25.9525329589844
2019-12-12,28.044905598958355
2019-12-13,27.529170735677106
2019-12-14,27.19614461263023
2019-12-15,27.842281087239606
2019-12-16,26.981724039713566
2019-12-17,25.194490559895858
2019-12-18,24.85154215494794
2019-12-19,25.43759969075523
2019-12-20,26.136980183919295
2019-12-21,25.072807820638044
2019-12-22,25.39162801106773
2019-12-23,26.095258585612
2019-12-24,24.74760640462242
2019-12-25,25.790319824218773
2019-12-26,25.741228230794295
2019-12-27,26.33345845540367
2019-12-28,26.572322591145856
2019-12-29,26.37622985839846
2019-12-30,26.42049967447919
2019-12-31,26.46500142415367
2020-01-01,26.595854695638042
2020-01-02,26.392036946614606
2020-01-03,26.394229125976587
2020-01-04,25.429053751627627
2020-01-05,25.20127156575523
2020-01-06,25.438892618815128
2020-01-07,25.910474650065126
2020-01-08,25.477186075846376
2020-01-09,25.4712097167969
2020-01-10,25.43689371744794
2020-01-11,25.89778951009117
2020-01-12,25.156201171875022
2020-01-13,25.030391438802106
2020-01-14,25.84849751790367
2020-01-15,26.11462097167971
2020-01-16,26.370334879557316
2020-01-17,26.407671101888045
2020-01-18,26.480561319987
2020-01-19,27.44228719075523
2020-01-20,26.509653727213564
2020-01-21,23.688832600911482
2020-01-22,22.899473063151063
2020-01-23,23.177097574869816
2020-01-24,24.401256306966168
2020-01-25,23.963699340820334
2020-01-26,24.54434509277346
2020-01-27,24.936453247070336
2020-01-28,25.709746297200542
2020-01-29,26.254241943359396
2020-01-30,26.451333618164085
2020-01-31,26.129006958007835
2020-02-01,25.68151550292971
2020-02-02,25.02591959635419
2020-02-03,24.649548339843772
2020-02-04,24.943433634440126
2020-02-05,25.064560953776063
2020-02-06,25.142415364583357
2020-02-07,25.92403971354169
2020-02-08,25.87362263997398
2020-02-09,25.595289103190126
2020-02-10,25.204314168294292
2020-02-11,25.200601196289085
2020-02-12,25.418528238932314
2020-02-13,24.84639282226565
2020-02-14,24.68920593261721
2020-02-15,24.463552856445336
2020-02-16,24.061338297526063
2020-02-17,24.210931396484398
2020-02-18,24.930383300781273
2020-02-19,25.127693684895856
2020-02-20,24.883476765950544
2020-02-21,24.702725219726585
2020-02-22,24.88343709309898
2020-02-23,24.987300618489606
2020-02-24,26.325817871093772
2020-02-25,24.8163279215495
2020-02-26,24.141805013020857
2020-02-27,24.50384521484377
2020-02-28,24.70498962402346
2020-02-29,25.23045349121096
2020-03-01,24.956143188476585
2020-03-02,24.216224161783877
2020-03-03,24.681111653645857
2020-03-04,24.827409871419295
2020-03-05,23.969323730468773
2020-03-06,25.175993855794292
2020-03-07,24.887260945638044
2020-03-08,24.106853230794293
2020-03-09,24.164715576171897
2020-03-10,23.921968587239608
2020-03-11,24.6465026855469
2020-03-12,25.21451619466148
2020-03-13,24.987712605794293
2020-03-14,24.739748128255233
2020-03-15,24.847788492838564
2020-03-16,25.170010375976585
2020-03-17,25.75509440104169
2020-03-18,24.210804239908878
2020-03-19,23.949453735351586
2020-03-20,24.497158813476585
2020-03-21,24.611856079101585
2020-03-22,24.751801554362
2020-03-23,24.227215576171897
2020-03-24,24.436153157552106
2020-03-25,24.488103230794295
2020-03-26,24.821419270833356
2020-03-27,25.371543375651065
2020-03-28,25.6365915934245
2020-03-29,26.076174926757837
2020-03-30,25.943516031901066
2020-03-31,25.115529378255232
2020-04-01,24.86923522949221
2020-04-02,24.671681722005232
2020-04-03,22.67420043945315
2020-04-04,22.87378540039065
2020-04-05,23.59366149902346
2020-04-06,23.625722249348982
2020-04-07,24.51587524414065
2020-04-08,25.116883341471375
2020-04-09,24.105607096354188
2020-04-10,23.24792480468752
2020-04-11,23.53707682291669
2020-04-12,23.2346862792969
2020-04-13,23.80536295572919
2020-04-14,24.222197469075542
2020-04-15,24.40563659667971
2020-04-16,23.95687662760419
2020-04-17,23.725454711914086
2020-04-18,23.399809773763042
2020-04-19,23.15096130371096
2020-04-20,22.241336059570337
2020-04-21,22.766613769531272
2020-04-22,22.139463297526063
2020-04-23,22.132503255208356
2020-04-24,22.83922526041669
2020-04-25,23.281091308593773
2020-04-26,24.826326497395858
2020-04-27,22.169136555989606
2020-04-28,22.124121093750023
2020-04-29,23.158093261718772
2020-04-30,23.64504801432294
2020-05-01,23.274957275390648
2020-05-02,23.46731872558596
2020-05-03,23.705855305989605
2020-05-04,24.056865437825543
2020-05-05,23.256460571289086
2020-05-06,23.22949625651044
2020-05-07,23.922090657552108
2020-05-08,22.291566975911483
2020-05-09,21.431181844075542
2020-05-10,21.36365661621096
2020-05-11,21.361748250325544
2020-05-12,22.522084554036482
2020-05-13,23.07334696451825
2020-05-14,23.24582722981773
2020-05-15,22.04978942871096
2020-05-16,22.680849202473983
2020-05-17,21.68620503743492
2020-05-18,20.72192077636721
2020-05-19,20.39897359212242
2020-05-20,20.441907755533876
2020-05-21,20.90779927571617
2020-05-22,20.575678507487
2020-05-23,20.786577351888045
2020-05-24,21.577954101562522
2020-05-25,21.178497314453146
2020-05-26,22.259280395507837
2020-05-27,22.38536783854169
2020-05-28,22.651528930664085
2020-05-29,22.497825113932315
2020-05-30,23.07165527343752
2020-05-31,21.96926472981773
2020-06-01,21.238536580403668
2020-06-02,20.71686706542971
2020-06-03,20.321069335937523
2020-06-04,19.974263509114607
2020-06-05,20.9806091308594
2020-06-06,20.5222351074219
2020-06-07,19.748284912109398
2020-06-08,19.704981486002627
2020-06-09,19.21612243652346
2020-06-10,19.16267700195315
2020-06-11,19.74800720214846
2020-06-12,19.849791463216167
2020-06-13,20.122144571940126
2020-06-14,18.67354634602867
2020-06-15,18.843393961588564
2020-06-16,19.172945149739608
2020-06-17,19.33989664713544
2020-06-18,18.864060465494813
2020-06-19,19.28856608072919
2020-06-20,18.921684773763044
2020-06-21,19.891632080078146
2020-06-22,21.712039184570337
2020-06-23,21.329849243164084
2020-06-24,20.956165568033878
2020-06-25,19.70978698730471
2020-06-26,20.051281738281272
2020-06-27,20.850032552083356
2020-06-28,21.150947062174502
2020-06-29,21.466803995768252
2020-06-30,21.982642618815127
2020-07-01,20.309287516276065
2020-07-02,19.388673909505233
2020-07-03,19.466210937500023
2020-07-04,20.00659586588544
2020-07-05,20.230180867513045
2020-07-06,19.55715738932294
2020-07-07,19.916319783528667
2020-07-08,20.017675781250023
2020-07-09,19.95639851888023
2020-07-10,19.617267862955753
2020-07-11,20.048524983723983
2020-07-12,20.181294759114607
2020-07-13,20.439975992838566
2020-07-14,20.770550537109397
2020-07-15,20.365059407552106
2020-07-16,18.921717325846377
2020-07-17,18.19900309244794
2020-07-18,18.731401570638045
2020-07-19,18.978037516276064
2020-07-20,18.741108194987003
2020-07-21,18.396438598632834
2020-07-22,18.09092000325523
2020-07-23,18.364959716796896
2020-07-24,17.971808878580752
2020-07-25,17.756440226237
2020-07-26,18.272998046875024
2020-07-27,18.372874959309918
2020-07-28,18.74673767089846
2020-07-29,18.940405273437523
2020-07-30,21.147645060221375
2020-07-31,19.97739461263023
2020-08-01,19.557005818684917
2020-08-02,18.891002400716168
2020-08-03,18.76314086914065
2020-08-04,18.75777994791669
2020-08-05,19.022181193033877
2020-08-06,19.333664957682313
2020-08-07,20.088061523437524
2020-08-08,18.590816243489606
2020-08-09,18.575080362955752
2020-08-10,18.036531575520858
2020-08-11,19.26542867024742
2020-08-12,18.720488484700542
2020-08-13,18.85994262695315
2020-08-14,19.64559020996096
2020-08-15,19.46400349934898
2020-08-16,19.576743570963565
2020-08-17,20.354055786132836
2020-08-18,20.334754435221377
2020-08-19,20.618471272786483
2020-08-20,21.273765055338565
2020-08-21,20.92465718587242
2020-08-22,20.542964680989606
2020-08-23,20.040403238932313
2020-08-24,20.80086059570315
2020-08-25,21.59744364420575
2020-08-26,21.487090047200542
2020-08-27,22.086596679687524
2020-08-28,21.963209025065126
2020-08-29,21.486854044596377
2020-08-30,21.360431925455753
2020-08-31,21.095841471354188
2020-09-01,21.06642761230471
2020-09-02,21.15157165527346
2020-09-03,19.076489257812522
2020-09-04,18.882093302408876
2020-09-05,18.87692769368492
2020-09-06,18.791504923502625
2020-09-07,19.743241373697938
2020-09-08,20.344282023112
2020-09-09,21.01809285481773
2020-09-10,21.226666259765647
2020-09-11,21.10569559733075
2020-09-12,21.340994262695336
2020-09-13,21.544163004557316
2020-09-14,20.764927164713566
2020-09-15,20.717696126302105
2020-09-16,21.489378865559917
2020-09-17,21.023630777994814
2020-09-18,21.086183675130233
2020-09-19,20.807148234049503
2020-09-20,20.93753560384117
2020-09-21,21.362402343750023
2020-09-22,22.442323811848983
2020-09-23,20.604455566406273
2020-09-24,20.61696675618492
2020-09-25,21.221620686848983
2020-09-26,22.13642272949221
2020-09-27,22.577879842122417
2020-09-28,22.627580769856795
2020-09-29,22.736815388997417
2020-09-30,22.786414591471377
2020-10-01,23.36246744791669
2020-10-02,23.94752400716148
2020-10-03,23.124661254882835
2020-10-04,22.185195922851584
2020-10-05,18.583071899414087
2020-10-06,19.400413004557315
2020-10-07,21.139421590169295
2020-10-08,22.267446899414086
2020-10-09,22.401731363932313
2020-10-10,23.974977620442733
2020-10-11,24.406310017903667
2020-10-12,24.974617513020856
2020-10-13,24.617547607421898
2020-10-14,24.3493103027344
2020-10-15,22.904331461588566
2020-10-16,23.52760213216148
2020-10-17,23.1948425292969
2020-10-18,22.136142985026066
2020-10-19,23.062673950195336
2020-10-20,23.516613769531272
2020-10-21,23.359974161783878
2020-10-22,23.058836873372417
2020-10-23,23.049335734049503
2020-10-24,22.949761962890648
2020-10-25,23.115134684244815
2020-10-26,23.220945231119813
2020-10-27,23.752832031250023
2020-10-28,23.66905008951825
2020-10-29,22.10152486165367
2020-10-30,21.819673665364608
2020-10-31,21.325660196940127
2020-11-01,21.89646708170575
2020-11-02,22.230510457356793
2020-11-03,22.430522664388043
2020-11-04,23.089898681640648
2020-11-05,23.96940612792971
2020-11-06,24.319768269856795
2020-11-07,24.66750386555992
2020-11-08,24.473592122395857
2020-11-09,24.17520243326825
2020-11-10,24.23769226074221
2020-11-11,24.983205159505232
2020-11-12,24.86313680013023
2020-11-13,24.480499267578146
2020-11-14,22.19122314453127
2020-11-15,21.963969930013043
2020-11-16,22.374040730794295
2020-11-17,23.027488199869815
2020-11-18,23.648796590169294
2020-11-19,23.86655680338544
2020-11-20,24.719010416666688
2020-11-21,23.902455647786482
2020-11-22,24.39940083821617
2020-11-23,25.39639078776044
2020-11-24,24.707111612955753
2020-11-25,25.163776652018253
2020-11-26,25.08628641764325
2020-11-27,25.628128051757834
2020-11-28,25.874768066406272
2020-11-29,25.694220987955752
2020-11-30,26.382056681315127
2020-12-01,26.341969807942732
2020-12-02,26.84686279296877
2020-12-03,26.78835652669273
2020-12-04,26.993145751953147
2020-12-05,24.232773844401063
2020-12-06,23.7432312011719
2020-12-07,25.759415690104188
2020-12-08,22.605126953125023
2020-12-09,21.348264567057313
2020-12-10,23.06188659667971
2020-12-11,23.568762207031273
2020-12-12,23.963947550455753
2020-12-13,23.830662027994816
2020-12-14,23.887637329101587
2020-12-15,24.04032185872398
2020-12-16,24.940696207682315
2020-12-17,25.619443766276063
2020-12-18,25.882712809244815
2020-12-19,26.549162801106792
2020-12-20,26.15354715983075
2020-12-21,25.228008015950543
2020-12-22,24.748531087239606
2020-12-23,25.029406738281274
2020-12-24,25.52472330729169
2020-12-25,25.803052775065126
2020-12-26,25.489634195963564
2020-12-27,24.225282796223983
2020-12-28,25.00158386230471
2020-12-29,25.13351949055992
2020-12-30,25.313597615559917
2020-12-31,24.561026000976586
2021-01-01,24.894741821289085
2021-01-02,25.281797281901063
2021-01-03,24.76392211914065
2021-01-04,24.736223347981795
2021-01-05,25.212148030598982
2021-01-06,25.830818684895856
2021-01-07,26.078729248046898
2021-01-08,26.16399841308596
2021-01-09,26.022857666015646
2021-01-10,26.025859578450543
2021-01-11,26.031553141276063
2021-01-12,26.173020426432313
2021-01-13,27.072167968750023
2021-01-14,26.761123657226584
2021-01-15,26.725465901692733
2021-01-16,27.246947224934917
2021-01-17,28.006085205078147
2021-01-18,28.004102579752626
2021-01-19,27.51702575683596
2021-01-20,26.355794270833357
2021-01-21,27.252923583984398
2021-01-22,28.028306070963563
2021-01-23,27.645977783203147
2021-01-24,26.66922098795575
2021-01-25,26.59074401855471
2021-01-26,25.9637634277344
2021-01-27,26.02915954589846
2021-01-28,26.28566589355471
2021-01-29,26.272329711914086
2021-01-30,26.820746866862002
2021-01-31,26.949214680989606
2021-02-01,26.814521280924502
2021-02-02,26.927966308593774
2021-02-03,26.5556345621745
2021-02-04,25.670183308919295
2021-02-05,26.552578735351585
2021-02-06,27.14346110026044
2021-02-07,27.29156188964846
2021-02-08,27.02452087402346
2021-02-09,25.358266194661482
2021-02-10,24.142532348632834
2021-02-11,24.186802164713566
2021-02-12,23.748895263671898
2021-02-13,23.855061848958357
2021-02-14,24.1154001871745
2021-02-15,24.18445231119794
2021-02-16,24.191275024414086
2021-02-17,26.45870768229169
2021-02-18,27.614426676432313
2021-02-19,27.076204427083358
2021-02-20,27.280242919921896
2021-02-21,27.032006835937523
2021-02-22,26.59382019042971
2021-02-23,25.923018391927105
2021-02-24,25.45641784667971
2021-02-25,26.076845296223983
2021-02-26,25.7125915527344
2021-02-27,26.71413981119794
2021-02-28,26.536828613281273
2021-03-01,25.89451599121096
2021-03-02,25.80562133789065
2021-03-03,25.26027526855471
2021-03-04,26.001228841145856
2021-03-05,25.570371500651063
2021-03-06,25.714848836263045
2021-03-07,26.063313802083357
2021-03-08,25.553735351562523
2021-03-09,25.36327819824221
2021-03-10,25.15599263509117
2021-03-11,25.356089274088564
2021-03-12,24.983008829752627
2021-03-13,24.24175516764325
2021-03-14,23.236640421549502
2021-03-15,24.28927408854169
2021-03-16,24.732444254557315
2021-03-17,23.966935221354188
2021-03-18,24.229687500000022
2021-03-19,24.991365559895858
2021-03-20,24.813567097981792
2021-03-21,24.649126180013045
2021-03-22,25.028179931640647
2021-03-23,26.13530985514325
2021-03-24,25.16144714355471
2021-03-25,24.783890787760438
2021-03-26,25.067795817057313
2021-03-27,25.434844970703146
2021-03-28,25.72005513509117
2021-03-29,24.94003601074221
2021-03-30,24.186367797851585
2021-03-31,23.854226684570335
2021-04-01,23.988047281901064
2021-04-02,24.33627827962242
2021-04-03,24.469094848632835
2021-04-04,24.909117635091167
2021-04-05,26.143842569987
2021-04-06,24.807544962565128
2021-04-07,23.755466715494816
2021-04-08,24.186811319987
2021-04-09,24.37828776041669
2021-04-10,24.254851277669292
2021-04-11,24.035639444987
2021-04-12,24.450787353515647
2021-04-13,23.727351888020856
2021-04-14,23.415040079752625
2021-04-15,24.13536071777346
2021-04-16,25.4251892089844
2021-04-17,23.833454386393253
2021-04-18,21.753106689453148
2021-04-19,22.341210937500023
2021-04-20,22.78275553385419
2021-04-21,22.339316813151065
2021-04-22,22.353154500325545
2021-04-23,22.14243062337242
2021-04-24,22.593990071614606
2021-04-25,22.48591003417971
2021-04-26,22.211626180013045
2021-04-27,23.008924357096376
2021-04-28,23.75777282714846
2021-04-29,23.613161214192733
2021-04-30,23.762183634440127
2021-05-01,24.131005859375023
2021-05-02,24.370526123046897
2021-05-03,23.046643066406272
2021-05-04,23.223725382487
2021-05-05,23.321752929687523
2021-05-06,23.015454101562522
2021-05-07,22.05259704589846
2021-05-08,21.43584899902346
2021-05-09,22.139063517252627
2021-05-10,22.46170857747398
2021-05-11,21.79841918945315
2021-05-12,22.417588297526063
2021-05-13,22.896495564778668
2021-05-14,22.811147054036482
2021-05-15,22.72847595214846
2021-05-16,22.66592000325523
2021-05-17,22.765807088216167
2021-05-18,22.588071695963563
2021-05-19,21.067525227864607
2021-05-20,20.84931844075523
2021-05-21,20.496174112955753
2021-05-22,20.751545206705753
2021-05-23,21.13182067871096
2021-05-24,20.486127726237
2021-05-25,20.363354492187522
2021-05-26,21.39148356119794
2021-05-27,21.18985087076825
2021-05-28,21.22947896321617
2021-05-29,22.0881052652995
2021-05-30,22.48997294108075
2021-05-31,23.234571329752626
2021-06-01,21.690852864583356
2021-06-02,21.986226399739607
2021-06-03,21.523032633463565
2021-06-04,22.396741739908876
2021-06-05,22.765581258138045
2021-06-06,20.2904490152995
2021-06-07,19.751712036132837
2021-06-08,19.768622843424502
2021-06-09,19.091136678059918
2021-06-10,19.260124715169294
2021-06-11,19.540802001953146
2021-06-12,19.747455851237003
2021-06-13,20.091590372721377
2021-06-14,19.546646118164084
2021-06-15,20.46652018229169
2021-06-16,19.904578653971377
2021-06-17,19.822888183593772
2021-06-18,19.654394531250023
2021-06-19,19.04963582356773
2021-06-20,19.52640075683596
2021-06-21,19.90550944010419
2021-06-22,19.250356038411482
2021-06-23,18.79566345214846
2021-06-24,18.499322509765648
2021-06-25,19.2743103027344
2021-06-26,19.89775288899742
2021-06-27,20.471184285481794
2021-06-28,19.823241170247417
2021-06-29,19.813812255859396
2021-06-30,20.276352945963563
2021-07-01,20.378440348307315
2021-07-02,20.11800944010419
2021-07-03,20.059514363606795
2021-07-04,19.911155192057315
2021-07-05,19.770230102539085
2021-07-06,19.926145426432313
2021-07-07,19.40926208496096
2021-07-08,19.67991841634117
2021-07-09,19.49707946777346
2021-07-10,20.409963989257836
2021-07-11,20.209763590494813
2021-07-12,19.58511454264325
2021-07-13,19.92300008138023
2021-07-14,19.434001668294293
2021-07-15,19.47729187011721
2021-07-16,18.833901977539085
2021-07-17,18.70656941731773
2021-07-18,19.234908040364605
2021-07-19,19.875625610351584
2021-07-20,20.537857055664084
2021-07-21,20.28552856445315
2021-07-22,19.76046549479169
2021-07-23,19.84510192871096
2021-07-24,18.30291239420575
2021-07-25,17.590014648437524
2021-07-26,18.119026692708356
2021-07-27,17.892486572265646
2021-07-28,18.56121826171877
2021-07-29,18.750525919596377
2021-07-30,20.5031188964844
2021-07-31,19.292225138346378
2021-08-01,18.498156738281274
2021-08-02,19.53764546712242
2021-08-03,19.372380574544295
2021-08-04,19.12084960937502
2021-08-05,19.214691162109396
2021-08-06,18.684403483072938
2021-08-07,18.94691365559898
2021-08-08,19.599785359700544
2021-08-09,19.552764892578146
2021-08-10,20.379988606770855
2021-08-11,19.51859029134117
2021-08-12,20.24088338216148
2021-08-13,21.427127075195337
2021-08-14,19.754397583007837
2021-08-15,18.18257751464846
2021-08-16,18.381914265950545
2021-08-17,18.880356852213563
2021-08-18,19.356438191731794
2021-08-19,20.310016886393253
2021-08-20,21.756744384765646
2021-08-21,22.284914143880233
2021-08-22,21.314112345377627
2021-08-23,20.780550130208358
2021-08-24,20.90140787760419
2021-08-25,21.412024943033877
2021-08-26,20.61285400390627
2021-08-27,20.592331949869813
2021-08-28,19.673782348632834
2021-08-29,20.419396972656273
2021-08-30,21.67901102701825
2021-08-31,22.47324930826825
2021-09-01,22.599758911132835
2021-09-02,21.696590169270856
2021-09-03,21.27871500651044
2021-09-04,20.92219441731773
2021-09-05,21.144971720377626
2021-09-06,20.879847208658877
2021-09-07,20.362681070963564
2021-09-08,21.035745239257835
2021-09-09,21.16610005696617
2021-09-10,20.50868123372398
2021-09-11,19.378174845377625
2021-09-12,19.672448730468773
2021-09-13,20.264420572916688
2021-09-14,21.212653605143252
2021-09-15,21.64236551920575
2021-09-16,21.91414693196617
2021-09-17,22.18477986653648
2021-09-18,21.537844848632837
2021-09-19,19.72965494791669
2021-09-20,20.306726074218773
2021-09-21,21.06871032714846
2021-09-22,21.618367513020857
2021-09-23,21.807820638020857
2021-09-24,21.506413777669295
2021-09-25,21.505445353190126
2021-09-26,21.221182250976586
2021-09-27,21.137635294596375
2021-09-28,21.26513671875002
2021-09-29,22.45572204589846
2021-09-30,22.47874247233075
2021-10-01,22.477131144205753
2021-10-02,22.414142862955753
2021-10-03,22.75217183430992
2021-10-04,22.757539876302108
2021-10-05,23.07503051757815
2021-10-06,21.988666788737003
2021-10-07,19.909976196289087
2021-10-08,19.61149597167971
2021-10-09,20.87388407389325
2021-10-10,22.375987752278668
2021-10-11,22.479350789388043
2021-10-12,21.079892985026063
2021-10-13,22.57083435058596
2021-10-14,23.270000203450543
2021-10-15,23.14390055338544
2021-10-16,23.159587605794293
2021-10-17,23.08657124837242
2021-10-18,23.326059977213564
2021-10-19,23.9523630777995
2021-10-20,23.680104573567732
2021-10-21,24.272350056966168
2021-10-22,22.147413126627626
2021-10-23,24.131366984049503
2021-10-24,25.741208902994813
2021-10-25,24.769368489583357
2021-10-26,24.3860046386719
2021-10-27,24.378172810872417
2021-10-28,21.985616048177107
2021-10-29,20.45366617838544
2021-10-30,21.020763142903668
2021-10-31,23.35416463216148
2021-11-01,24.396391805013042
2021-11-02,25.506663004557314
2021-11-03,25.68089497884117
2021-11-04,25.79462585449221
2021-11-05,24.191936238606793
2021-11-06,22.496720377604188
2021-11-07,23.639848836263045
2021-11-08,24.7479919433594
2021-11-09,25.25628153483075
2021-11-10,26.118091837565128
2021-11-11,26.39692077636721
2021-11-12,25.928303019205753
2021-11-13,26.01823425292971
2021-11-14,26.125080362955753
2021-11-15,26.124262491862
2021-11-16,26.107491048177106
2021-11-17,26.25156962076825
2021-11-18,25.739796956380232
2021-11-19,25.391213989257835
2021-11-20,25.543386840820336
2021-11-21,26.011847941080752
2021-11-22,25.85599263509117
2021-11-23,26.44762878417971
2021-11-24,27.329144287109397
2021-11-25,24.913860066731793
2021-11-26,22.2260447184245
2021-11-27,22.56352437337242
2021-11-28,21.571196492513042
2021-11-29,23.51289265950523
2021-11-30,24.987956746419293
2021-12-01,25.458295694987
2021-12-02,24.632895914713565
2021-12-03,24.34705200195315
2021-12-04,25.710926310221378
2021-12-05,26.345933024088563
2021-12-06,25.89231363932294
2021-12-07,26.03303426106773
2021-12-08,25.802256266276064
2021-12-09,25.78815612792971
2021-12-10,26.143430582682313
2021-12-11,25.64827575683596
2021-12-12,25.803680419921896
2021-12-13,25.373055013020856
2021-12-14,25.460296630859396
2021-12-15,24.73892008463544
2021-12-16,25.14317321777346
2021-12-17,25.904705810546897
2021-12-18,27.117122395833356
2021-12-19,24.23563130696617
2021-12-20,23.443083699544292
2021-12-21,23.06965026855471
2021-12-22,26.158460489908876
2021-12-23,28.394267781575543
2021-12-24,28.02950846354169
2021-12-25,27.64308980305992
2021-12-26,25.44709167480471
2021-12-27,24.99917907714846
2021-12-28,25.550073242187523
2021-12-29,26.4140329996745
2021-12-30,25.94153442382815
2021-12-31,26.103583780924502
2022-01-01,26.491536458333357
2022-01-02,26.654156494140647
2022-01-03,25.32010192871096
2022-01-04,25.82401021321617
2022-01-05,25.814597574869815
2022-01-06,24.876530965169295
2022-01-07,25.004288736979188
2022-01-08,25.191364542643253
2022-01-09,24.81750183105471
2022-01-10,23.84923502604169
2022-01-11,24.25531005859377
2022-01-12,25.597312418619815
2022-01-13,25.931900024414084
2022-01-14,26.646300252278667
2022-01-15,24.656884765625023
2022-01-16,25.453154500325542
2022-01-17,25.732139078776065
2022-01-18,25.282182820638045
2022-01-19,24.170836385091167
2022-01-20,23.571045939127625
2022-01-21,23.832109578450545
2022-01-22,24.419629923502626
2022-01-23,25.189612833658877
2022-01-24,24.47953084309898
2022-01-25,24.15544331868492
2022-01-26,24.235699462890647
2022-01-27,24.338755289713564
2022-01-28,24.6295603434245
2022-01-29,24.862337239583358
2022-01-30,25.41498718261721
2022-01-31,25.231704711914084
2022-02-01,25.134824625651063
2022-02-02,24.707960001627626
2022-02-03,24.81499735514325
2022-02-04,24.409351603190128
2022-02-05,24.029861450195334
2022-02-06,26.48210856119794
2022-02-07,27.344085693359396
2022-02-08,27.056195068359397
2022-02-09,26.17060750325523
2022-02-10,25.79446919759117
2022-02-11,25.265225219726585
2022-02-12,25.090809122721378
2022-02-13,24.674192301432313
2022-02-14,25.37539978027346
2022-02-15,25.769770304362
2022-02-16,24.92616170247398
2022-02-17,24.91618550618492
2022-02-18,24.887977091471377
2022-02-19,24.61172587076825
2022-02-20,24.708987426757837
2022-02-21,24.35423278808596
2022-02-22,24.281650797526066
2022-02-23,26.545953369140648
2022-02-24,27.513734944661483
2022-02-25,25.492664591471378
2022-02-26,25.15462544759117
2022-02-27,25.028103637695335
2022-02-28,25.32932332356773
2022-03-01,25.73695271809898
2022-03-02,26.107080078125023
2022-03-03,25.5533630371094
2022-03-04,25.99554138183596
2022-03-05,25.86875203450523
2022-03-06,25.123264567057316
2022-03-07,25.355259195963566
2022-03-08,25.49468994140627
2022-03-09,25.15752868652346
2022-03-10,25.556443277994813
2022-03-11,24.902468872070337
2022-03-12,24.381650797526063
2022-03-13,23.73188680013023
2022-03-14,23.749109903971377
2022-03-15,24.75903727213544
2022-03-16,25.361907958984396
2022-03-17,25.794184366862
2022-03-18,26.45083414713544
2022-03-19,23.89332478841148
2022-03-20,23.84391784667971
2022-03-21,23.991518147786483
2022-03-22,24.350813802083355
2022-03-23,24.834803263346377
2022-03-24,25.316379801432316
2022-03-25,26.229563395182314
2022-03-26,26.264353434244814
2022-03-27,26.329648844401063
2022-03-28,24.975677490234396
2022-03-29,23.49711608886721
2022-03-30,23.233159383138045
2022-03-31,23.948533121744813
2022-04-01,23.18562215169273
2022-04-02,23.66262613932294
2022-04-03,23.992823282877627
2022-04-04,24.624865722656274
2022-04-05,24.930013020833357
2022-04-06,24.570039876302108
2022-04-07,24.7198435465495
2022-04-08,24.437395222981795
2022-04-09,24.480208333333355
2022-04-10,23.88242594401044
2022-04-11,23.414583333333358
2022-04-12,23.514821370442732
2022-04-13,23.188050333658875
2022-04-14,23.741514078776063
2022-04-15,23.811308797200542
2022-04-16,24.232925415039084
2022-04-17,24.243643188476586
2022-04-18,24.067873128255233
2022-04-19,24.416504923502625
2022-04-20,24.10505574544273
2022-04-21,24.258249918619814
2022-04-22,23.856096394856795
2022-04-23,23.231719970703146
2022-04-24,23.223523966471376
2022-04-25,22.972392781575543
2022-04-26,23.921103922526065
2022-04-27,24.633002726237002
2022-04-28,22.4437438964844
2022-04-29,21.368018595377627
2022-04-30,22.106261189778667
2022-05-01,23.628590901692732
2022-05-02,22.823818969726585
2022-05-03,22.69310201009117
2022-05-04,22.574426269531273
2022-05-05,21.677576700846377
2022-05-06,22.062039184570335
2022-05-07,22.807799275716167
2022-05-08,23.85276082356773
2022-05-09,24.028711954752627
2022-05-10,24.17359313964846
2022-05-11,22.255721028645855
2022-05-12,21.665982055664085
2022-05-13,21.597963460286483
2022-05-14,22.08006286621096
2022-05-15,22.07660319010419
2022-05-16,20.654139200846377
2022-05-17,21.348128255208355
2022-05-18,20.659759521484396
2022-05-19,21.01694539388023
2022-05-20,21.10628865559898
2022-05-21,22.12324422200523
2022-05-22,21.570018513997418
2022-05-23,21.901403808593773
2022-05-24,22.209392293294293
2022-05-25,22.244884236653668
2022-05-26,22.72124430338544
2022-05-27,21.63260396321617
2022-05-28,20.652537027994814
2022-05-29,20.28515625000002
2022-05-30,20.602385457356792
2022-05-31,19.997014363606795
2022-06-01,20.304195149739606
2022-06-02,20.074408976237002
2022-06-03,20.0891296386719
2022-06-04,19.88256530761721
2022-06-05,20.501084391276063
2022-06-06,20.704390462239605
2022-06-07,20.29042663574221
2022-06-08,20.275991821289086
2022-06-09,19.719092814127627
2022-06-10,20.646723429362
2022-06-11,19.988690185546897
2022-06-12,19.699444580078147
2022-06-13,19.150830078125022
2022-06-14,18.88005269368492
2022-06-15,20.602349853515648
2022-06-16,21.780527750651064
2022-06-17,20.774799601237003
2022-06-18,20.407541910807314
2022-06-19,19.63858133951825
2022-06-20,19.6709167480469
2022-06-21,19.476921590169294
2022-06-22,19.112416585286482
2022-06-23,19.060708618164085
2022-06-24,19.030023193359398
2022-06-25,18.367809041341168
2022-06-26,18.805210367838566
2022-06-27,18.865388997395858
2022-06-28,18.638111368815128
2022-06-29,18.484926350911483
2022-06-30,18.584776814778667
2022-07-01,19.273345947265646
2022-07-02,19.47594909667971
2022-07-03,19.493409220377625
2022-07-04,18.666944376627626
2022-07-05,19.911350504557316
2022-07-06,19.304653930664085
2022-07-07,19.503947957356793
2022-07-08,19.239564005533875
2022-07-09,19.26205240885419
2022-07-10,19.246870930989605
2022-07-11,19.149832153320336
2022-07-12,19.431145222981794
2022-07-13,18.960862223307313
2022-07-14,19.148881022135438
2022-07-15,19.41265563964846
2022-07-16,18.41746520996096
2022-07-17,19.155107625325545
2022-07-18,19.008354695638044
2022-07-19,19.942933146158875
2022-07-20,18.909243774414087
2022-07-21,19.31065165201825
2022-07-22,18.492117309570336
2022-07-23,18.901055908203148
2022-07-24,19.609024047851584
2022-07-25,19.7238474527995
2022-07-26,19.70041910807294
2022-07-27,19.59229431152346
2022-07-28,19.460612996419293
2022-07-29,19.603359985351585
2022-07-30,19.616589355468772
2022-07-31,20.074905395507834
2022-08-01,20.40114440917971
2022-08-02,19.312222290039085
2022-08-03,18.843999226888045
2022-08-04,19.361282348632834
2022-08-05,19.76088765462242
2022-08-06,20.119238281250023
2022-08-07,19.874889119466168
2022-08-08,19.469563802083357
2022-08-09,19.592602539062522
2022-08-10,18.978853352864608
2022-08-11,19.013749186197938
2022-08-12,18.891038004557313
2022-08-13,18.62268676757815
2022-08-14,19.745290120442732
2022-08-15,20.269073486328146
2022-08-16,21.152249145507835
2022-08-17,20.705701700846376
2022-08-18,21.11332906087242
2022-08-19,20.768495686848983
2022-08-20,20.948377482096376
2022-08-21,21.486535644531273
2022-08-22,20.609289550781273
2022-08-23,20.21922302246096
2022-08-24,20.1080505371094
2022-08-25,19.448393758138042
2022-08-26,19.514923095703146
2022-08-27,19.38649800618492
2022-08-28,19.528689575195337
2022-08-29,20.49398091634117
2022-08-30,21.398833211263042
2022-08-31,21.782446289062523
2022-09-01,19.5762390136719
2022-09-02,19.209545898437522
2022-09-03,19.860545857747418
2022-09-04,19.654097493489605
2022-09-05,20.037885538737
2022-09-06,20.588115437825543
2022-09-07,20.40605163574221
2022-09-08,20.259915161132835
2022-09-09,20.346351114908877
2022-09-10,19.94682312011721
2022-09-11,20.760938517252626
2022-09-12,21.060008748372418
2022-09-13,20.945561726888045
2022-09-14,20.92681579589846
2022-09-15,20.424544270833355
2022-09-16,20.105554199218773
2022-09-17,20.201806640625023
2022-09-18,20.66443481445315
2022-09-19,20.835513305664087
2022-09-20,20.66288757324221
2022-09-21,20.485134887695335
2022-09-22,20.99544881184898
2022-09-23,21.162644449869813
2022-09-24,20.856846110026066
2022-09-25,21.574809773763043
2022-09-26,21.456699625651066
2022-09-27,21.580937703450545
2022-09-28,21.285164388020856
2022-09-29,20.191957600911483
2022-09-30,21.047649129231793
2022-10-01,21.441088867187524
2022-10-02,21.818100992838563
2022-10-03,22.250524902343773
2022-10-04,22.339362589518252
2022-10-05,22.596614583333356
2022-10-06,22.49307556152346
2022-10-07,22.363641357421898
2022-10-08,22.26001892089846
2022-10-09,21.93261718750002
2022-10-10,22.228991699218774
2022-10-11,22.45370788574221
2022-10-12,22.49771626790367
2022-10-13,22.48077392578127
2022-10-14,22.02517293294273
2022-10-15,21.72960103352867
2022-10-16,22.587404378255233
2022-10-17,22.81852722167971
2022-10-18,22.06225992838544
2022-10-19,22.348221842447938
2022-10-20,22.144295247395856
2022-10-21,22.836506144205753
2022-10-22,23.220061238606792
2022-10-23,23.966546630859398
2022-10-24,24.304617309570336
2022-10-25,24.33512369791669
2022-10-26,24.45532836914065
2022-10-27,24.731626383463563
2022-10-28,24.678403727213563
2022-10-29,24.09406941731773
2022-10-30,23.353599039713565
2022-10-31,23.844498697916688
2022-11-01,24.208508300781272
2022-11-02,24.376284790039087
2022-11-03,24.50726318359377
2022-11-04,24.589244588216168
2022-11-05,24.652892049153667
2022-11-06,24.642063395182316
2022-11-07,24.790883382161482
2022-11-08,24.747852579752628
2022-11-09,24.641168212890648
2022-11-10,24.827160644531272
2022-11-11,24.84512634277346
2022-11-12,24.879349772135438
2022-11-13,24.46241658528648
2022-11-14,23.563350423177106
2022-11-15,22.816187540690127
2022-11-16,23.254216512044295
2022-11-17,24.275219726562522
2022-11-18,25.005708821614608
2022-11-19,25.5625183105469
2022-11-20,26.36373494466148
2022-11-21,25.42754821777346
2022-11-22,23.144727579752626
2022-11-23,23.492211914062523
2022-11-24,24.081465657552105
2022-11-25,24.30699361165367
2022-11-26,24.140305582682313
2022-11-27,24.509480794270857
2022-11-28,24.738332112630232
2022-11-29,25.271855672200545
2022-11-30,25.23913981119794
2022-12-01,25.345452880859398
2022-12-02,25.709893798828148
2022-12-03,25.669267781575545
2022-12-04,25.566601562500022
2022-12-05,25.641815185546896
2022-12-06,25.422853597005233
2022-12-07,24.95900777180992
2022-12-08,25.046817016601587
2022-12-09,24.397493489583358
2022-12-10,24.529610188802106
2022-12-11,25.181372070312523
2022-12-12,24.19198913574221
2022-12-13,24.077634684244813
2022-12-14,24.29807027180992
2022-12-15,24.357250976562522
2022-12-16,24.471551513671898
2022-12-17,24.867695109049503
2022-12-18,26.122261555989606
2022-12-19,26.588355509440127
2022-12-20,26.47688903808596
2022-12-21,26.390422566731793
2022-12-22,24.225498453776066
2022-12-23,23.787084960937523
2022-12-24,24.201404825846378
2022-12-25,25.37441304524742
2022-12-26,25.351009114583356
2022-12-27,24.731411743164085
2022-12-28,25.3265563964844
2022-12-29,25.596235148112
2022-12-30,25.595352172851584
2022-12-31,26.057412719726585
2023-01-01,26.323384602864607
2023-01-02,26.601395670572938
2023-01-03,26.322056070963566
2023-01-04,24.944887288411483
2023-01-05,25.136321004231792
2023-01-06,25.767387898763044
2023-01-07,25.96225280761721
2023-01-08,26.306465657552106
2023-01-09,26.558587646484398
2023-01-10,25.80711161295575
2023-01-11,24.786643473307315
2023-01-12,24.26948852539065
2023-01-13,23.85343933105471
2023-01-14,24.956291707356794
2023-01-15,24.770032755533876
2023-01-16,24.94522603352867
2023-01-17,25.225635782877628
2023-01-18,25.16719868977867
2023-01-19,24.012539672851585
2023-01-20,23.913964843750023
2023-01-21,24.190945434570335
2023-01-22,23.91516723632815
2023-01-23,24.428609212239607
2023-01-24,25.43143513997398
2023-01-25,24.759622192382835
2023-01-26,24.77354227701825
2023-01-27,25.882960001627627
2023-01-28,27.33421325683596
2023-01-29,28.646904500325544
2023-01-30,27.00108337402346
2023-01-31,25.232471720377628
2023-02-01,24.098389689127625
2023-02-02,24.18081258138023
2023-02-03,23.95518493652346
2023-02-04,23.432374064127625
2023-02-05,23.78193054199221
2023-02-06,23.04378051757815
2023-02-07,23.60610249837242
2023-02-08,24.81661783854169
2023-02-09,24.53965962727867
2023-02-10,25.374846394856792
2023-02-11,26.035870361328147
2023-02-12,26.066118367513045
2023-02-13,25.10363769531252
2023-02-14,24.888528442382835
2023-02-15,24.423106892903668
2023-02-16,23.95137634277346
2023-02-17,25.62680562337242
2023-02-18,26.489827473958357
2023-02-19,26.598146565755233
2023-02-20,26.322832234700545
2023-02-21,25.17408142089846
2023-02-22,26.740042114257836
2023-02-23,24.667230224609398
2023-02-24,24.897605387369815
2023-02-25,25.129065958658877
2023-02-26,25.52390543619794
2023-02-27,25.257085164388045
2023-02-28,24.842531331380233
2023-03-01,25.690510050455753
2023-03-02,26.00083923339846
2023-03-03,25.04198404947919
2023-03-04,25.451746622721377
2023-03-05,25.55185750325523
2023-03-06,26.897223917643252
2023-03-07,26.438931274414085
2023-03-08,24.800022379557316
2023-03-09,23.787876383463566
2023-03-10,24.666498819987
2023-03-11,23.928410847981795
2023-03-12,23.84646911621096
2023-03-13,23.89990641276044
2023-03-14,23.410219319661483
2023-03-15,23.017213948567733
2023-03-16,24.978816731770856
2023-03-17,26.00723775227867
2023-03-18,25.178027343750024
2023-03-19,24.64565836588544
2023-03-20,24.750299072265648
2023-03-21,23.876027425130232
2023-03-22,23.689900716145857
2023-03-23,24.506288655598983
2023-03-24,25.257866414388044
2023-03-25,24.580632527669295
2023-03-26,24.831982421875022
2023-03-27,25.32206929524742
2023-03-28,24.88840535481773
2023-03-29,23.38087361653648
2023-03-30,24.79712524414065
2023-03-31,25.234388224283876
2023-04-01,25.24198913574221
2023-04-02,24.34942321777346
2023-04-03,24.344068400065126
2023-04-04,25.21310221354169
2023-04-05,25.080454508463564
2023-04-06,24.20306091308596
2023-04-07,24.491055297851585
2023-04-08,24.2167419433594
2023-04-09,23.33052368164065
2023-04-10,23.742828369140646
2023-04-11,24.420261637369816
2023-04-12,25.142863972981793
2023-04-13,25.08775533040367
2023-04-14,24.914944458007835
2023-04-15,25.153623453776063
2023-04-16,23.517987060546897
2023-04-17,23.05327046712242
2023-04-18,23.405442301432313
2023-04-19,23.304378255208356
2023-04-20,23.682137044270856
2023-04-21,25.044452921549503
2023-04-22,25.3768259684245
2023-04-23,24.48689575195315
2023-04-24,25.84733784993492
2023-04-25,24.02129313151044
2023-04-26,23.307751464843772
2023-04-27,23.252414957682316
2023-04-28,23.102163696289086
2023-04-29,22.704047648112002
2023-04-30,23.17114868164065
2023-05-01,23.750676472981795
2023-05-02,22.647777303059918
2023-05-03,22.453818766276065
2023-05-04,23.000385538737003
2023-05-05,23.11748453776044
2023-05-06,23.288637288411483
2023-05-07,22.123883056640647
2023-05-08,22.427777099609397
2023-05-09,22.37093200683596
2023-05-10,22.90976257324221
2023-05-11,22.68145751953127
2023-05-12,23.324170939127626
2023-05-13,23.755675252278667
2023-05-14,23.848340861002626
2023-05-15,24.113659667968772
2023-05-16,24.407788085937522
2023-05-17,22.9732615152995
2023-05-18,23.346692911783876
2023-05-19,23.77546081542971
2023-05-20,24.578892008463566
2023-05-21,23.77996317545575
2023-05-22,23.501645914713563
2023-05-23,22.368398030598982
2023-05-24,20.25756022135419
2023-05-25,19.32810770670575
2023-05-26,20.250543212890648
2023-05-27,20.920667521158876
2023-05-28,21.28272094726565
2023-05-29,21.771557617187522
2023-05-30,21.98427632649742
2023-05-31,21.53777567545575
2023-06-01,21.08274129231773
2023-06-02,21.518282063802108
2023-06-03,21.102045694987
2023-06-04,21.73955485026044
2023-06-05,21.534683227539084
2023-06-06,21.92983093261721
2023-06-07,21.508613077799502
2023-06-08,22.44483337402346
2023-06-09,22.95799967447919
2023-06-10,22.493240356445334
2023-06-11,22.717288208007837
2023-06-12,22.140369669596378
2023-06-13,22.71194254557294
2023-06-14,21.93164672851565
2023-06-15,21.931900024414084
2023-06-16,21.9725524902344
2023-06-17,20.914407348632835
2023-06-18,21.412373860677107
2023-06-19,20.75169372558596
2023-06-20,20.012830607096376
2023-06-21,19.87874450683596
2023-06-22,20.831404622395855
2023-06-23,20.11844685872398
2023-06-24,18.72354634602867
2023-06-25,18.546119181315127
2023-06-26,18.772925821940127
2023-06-27,18.579866536458358
2023-06-28,18.851424153645855
2023-06-29,19.124815877278667
2023-06-30,19.668491617838566
2023-07-01,20.402751668294293
2023-07-02,20.002285766601585
2023-07-03,20.398609415690128
2023-07-04,20.11074930826825
2023-07-05,20.024474080403667
2023-07-06,20.557558186848983
2023-07-07,19.580403645833357
2023-07-08,20.11731567382815
2023-07-09,20.966145833333357
2023-07-10,20.831379191080753
2023-07-11,21.686992390950543
2023-07-12,19.943640136718773
2023-07-13,19.236369832356793
2023-07-14,19.075189208984398
2023-07-15,19.034665934244813
2023-07-16,19.553375244140646
2023-07-17,20.360272216796897
2023-07-18,20.28030497233075
2023-07-19,20.207182820638042
2023-07-20,20.914488728841167
2023-07-21,19.82647399902346
2023-07-22,20.351750691731795
2023-07-23,20.578506469726584
2023-07-24,20.854625447591168
2023-07-25,21.358129882812523
2023-07-26,19.46325378417971
2023-07-27,19.154207356770858
2023-07-28,18.876904296875022
2023-07-29,19.515110270182316
2023-07-30,20.248587036132836
2023-07-31,20.712665812174503
2023-08-01,21.45186157226565
2023-08-02,19.803323364257835
2023-08-03,18.994565836588563
2023-08-04,20.0860778808594
2023-08-05,19.239801025390648
2023-08-06,19.326065063476584
2023-08-07,19.06672566731773
2023-08-08,19.426726277669292
2023-08-09,19.339313761393253
2023-08-10,20.161130777994813
2023-08-11,19.634653727213564
2023-08-12,21.06888326009117
2023-08-13,21.67311706542971
2023-08-14,21.58374633789065
2023-08-15,22.29757995605471
2023-08-16,22.512063598632835
2023-08-17,20.408405558268253
2023-08-18,21.222160847981794
2023-08-19,22.198549397786483
2023-08-20,22.508025105794292
2023-08-21,22.285637410481794
2023-08-22,22.310354614257836
2023-08-23,21.967197672526066
2023-08-24,21.162361653645856
2023-08-25,21.068936157226585
2023-08-26,21.538425699869816
2023-08-27,22.06643473307294
2023-08-28,20.33591003417971
2023-08-29,18.900128173828147
2023-08-30,19.873801676432315
2023-08-31,19.918367513020858
2023-09-01,20.64534301757815
2023-09-02,21.057341512044292
2023-09-03,20.91815592447919
2023-09-04,21.178943888346378
2023-09-05,21.22997741699221
2023-09-06,21.899835205078148
2023-09-07,22.37100728352867
2023-09-08,22.13033345540367
2023-09-09,21.700015258789087
2023-09-10,21.885359700520855
2023-09-11,21.8829294840495
2023-09-12,22.040366617838565
2023-09-13,22.04066365559898
2023-09-14,21.563775634765648
2023-09-15,21.684165445963565
2023-09-16,22.048655192057314
2023-09-17,22.38617858886721
2023-09-18,22.042642211914085
2023-09-19,22.040769449869813
2023-09-20,22.50381266276044
2023-09-21,23.11093953450523
2023-09-22,23.352188110351584
2023-09-23,22.72890319824221
2023-09-24,22.81008504231773
2023-09-25,22.79656473795575
2023-09-26,22.3263865152995
2023-09-27,22.48699645996096
2023-09-28,22.149404907226586
2023-09-29,22.432730102539086
2023-09-30,23.32034403483075
2023-10-01,23.827390543619813
2023-10-02,24.345664469401065
2023-10-03,20.607561238606795
2023-10-04,22.539087931315127
2023-10-05,22.628382364908877
2023-10-06,22.729041544596377
2023-10-07,22.17735087076825
2023-10-08,22.78660074869794
2023-10-09,23.77762858072919
2023-10-10,24.166916910807313
2023-10-11,23.903907267252627
2023-10-12,24.86338602701825
2023-10-13,24.856744384765648
2023-10-14,25.519333902994813
2023-10-15,26.355772908528667
2023-10-16,25.872889200846377
2023-10-17,25.31144714355471
2023-10-18,25.224939982096377
2023-10-19,25.275122070312523
2023-10-20,24.918306477864608
2023-10-21,23.600261433919293
2023-10-22,25.20326131184898
2023-10-23,25.380229695638043
2023-10-24,26.286573282877626
2023-10-25,26.589951578776063
2023-10-26,26.24037780761721
2023-10-27,22.89038085937502
2023-10-28,24.007480875651066
2023-10-29,25.396082560221377
2023-10-30,25.775322469075544
2023-10-31,25.739731852213563
2023-11-01,25.28492635091148
2023-11-02,26.505740356445337
2023-11-03,22.093528238932315
2023-11-04,21.405402628580752
2023-11-05,22.99276021321617
2023-11-06,23.182564290364606
2023-11-07,23.268189493815125
2023-11-08,24.26052449544273
2023-11-09,25.342591349283875
2023-11-10,25.284724934895856
2023-11-11,22.30022379557294
2023-11-12,23.100635782877628
2023-11-13,24.51134440104169
2023-11-14,24.624832153320334
2023-11-15,21.616091918945337
2023-11-16,21.298370361328146
2023-11-17,22.74461161295575
2023-11-18,24.04062398274742
2023-11-19,24.828433227539087
2023-11-20,24.95982157389325
2023-11-21,24.492059326171898
2023-11-22,24.906327311197938
2023-11-23,24.61316528320315
2023-11-24,24.525325520833356
2023-11-25,23.913715616862003
2023-11-26,25.217427571614607
2023-11-27,25.86831970214846
2023-11-28,26.280679321289085
2023-11-29,26.50223795572919
2023-11-30,26.98924255371096
2023-12-01,24.238701375325544
2023-12-02,21.906549072265648
2023-12-03,22.944975789388042
2023-12-04,24.02419840494794
2023-12-05,24.668956502278668
2023-12-06,25.45610249837242
2023-12-07,24.68859558105471
2023-12-08,24.92676391601565
2023-12-09,25.74587300618492
2023-12-10,26.074744669596377
2023-12-11,26.536577351888045
2023-12-12,26.649994913737
2023-12-13,26.781293741862
2023-12-14,26.54737243652346
2023-12-15,26.937196858723983
2023-12-16,27.1756042480469
2023-12-17,27.964171346028667
2023-12-18,26.4620798746745
2023-12-19,26.05342712402346
2023-12-20,26.630579630533877
2023-12-21,27.504515584309917
2023-12-22,27.3463806152344
2023-12-23,26.0376647949219
2023-12-24,24.646242268880233
2023-12-25,25.153519694010438
2023-12-26,26.716333007812523
2023-12-27,27.507969156901066
2023-12-28,26.765278116862003
2023-12-29,25.363446044921897
2023-12-30,24.100664265950545
2023-12-31,24.31199442545575
2024-01-01,25.83933003743492
2024-01-02,26.437243652343774
2024-01-03,27.590025838216167
2024-01-04,26.013315836588564
2024-01-05,25.537732950846376
2024-01-06,25.029252115885438
2024-01-07,25.540613810221377
2024-01-08,25.87071940104169
2024-01-09,25.632597859700542
2024-01-10,25.90365193684898
2024-01-11,26.468324788411483
2024-01-12,26.08870544433596
2024-01-13,26.26048075358075
2024-01-14,26.493560791015646
2024-01-15,27.40666402180992
2024-01-16,27.27128804524742
2024-01-17,26.314464314778668
2024-01-18,25.480437215169292
2024-01-19,24.596368408203148
2024-01-20,24.766965738932313
2024-01-21,25.616387939453148
2024-01-22,26.65505065917971
2024-01-23,26.509355672200545
2024-01-24,25.308656819661483
2024-01-25,24.373770141601586
2024-01-26,23.330855305989605
2024-01-27,24.804714965820335
2024-01-28,25.306907145182315
2024-01-29,24.789538574218774
2024-01-30,25.01055399576825
2024-01-31,24.56147155761721
2024-02-01,24.259451293945336
2024-02-02,24.429479980468773
2024-02-03,24.307065836588563
2024-02-04,25.619749959309917
2024-02-05,24.72981872558596
2024-02-06,25.397851562500023
2024-02-07,26.11262410481773
2024-02-08,24.57868855794273
2024-02-09,24.54908650716148
2024-02-10,25.513295491536482
2024-02-11,25.87043660481773
2024-02-12,25.9503122965495
2024-02-13,24.972251383463565
2024-02-14,24.457515462239606
2024-02-15,24.478706868489606
2024-02-16,24.11631062825523
2024-02-17,25.17106119791669
2024-02-18,24.085070800781274
2024-02-19,24.53459879557294
2024-02-20,24.657039388020856
2024-02-21,25.090166219075545
2024-02-22,25.688525390625024
2024-02-23,25.906252034505233
2024-02-24,25.755637613932315
2024-02-25,25.899181111653668
2024-02-26,25.09358113606773
2024-02-27,25.110728963216168
2024-02-28,24.94473368326825
2024-03-01,23.444478352864607
2024-03-02,24.6368591308594
2024-03-03,24.966487630208356
2024-03-04,24.564817301432313
2024-03-05,25.669572957356795
2024-03-06,26.22060445149742
2024-03-07,25.5323923746745
2024-03-08,25.6403513590495
2024-03-09,25.684927368164086
2024-03-10,25.33624267578127
2024-03-11,25.629702758789087
2024-03-12,25.597324625651066
2024-03-13,26.180954996744813
2024-03-14,26.395356241862
2024-03-15,26.765237426757835
2024-03-16,26.02281901041669
2024-03-17,26.085491943359397
2024-03-18,25.95303141276044
2024-03-19,26.08933817545575
2024-03-20,26.397343953450545
2024-03-21,26.351176961263043
2024-03-22,25.204875691731793
2024-03-23,24.075075276692733
2024-03-24,23.207396443684917
2024-03-25,24.13505757649742
2024-03-26,23.817127482096378
2024-03-27,23.75212300618492
2024-03-28,24.122265625000022
2024-03-29,24.457845052083357
2024-03-30,25.67996724446617
2024-03-31,24.949111938476584
2024-04-01,23.70334676106773
2024-04-02,23.041465250651065
2024-04-03,23.18957519531252
2024-04-04,24.303701782226586
2024-04-05,24.53464050292971
2024-04-06,25.618567911783877
2024-04-07,25.60063171386721
2024-04-08,25.54699401855471
2024-04-09,25.301770019531272
2024-04-10,26.535573323567732
2024-04-11,27.355728149414084
2024-04-12,24.870146687825542
2024-04-13,23.228325398763044
2024-04-14,23.176949055989606
2024-04-15,22.57670593261721
2024-04-16,23.256731160481795
2024-04-17,22.889832560221375
2024-04-18,22.980031331380232
2024-04-19,22.76416015625002
2024-04-20,23.780635579427106
2024-04-21,24.697983805338563
2024-04-22,25.0360056559245
2024-04-23,25.050639851888043
2024-04-24,25.14285380045575
2024-04-25,24.412490844726584
2024-04-26,24.247605387369813
2024-04-27,24.848166910807315
2024-04-28,23.022021484375024
2024-04-29,22.250518798828146
2024-04-30,22.38867797851565
2024-05-01,23.802071126302106
2024-05-02,25.078569539388045
2024-05-03,23.730787150065126
2024-05-04,22.172231038411482
2024-05-05,22.011880493164085
2024-05-06,23.065497843424502
2024-05-07,22.521741739908876
2024-05-08,22.034885660807316
2024-05-09,22.392537434895857
2024-05-10,22.414864095052106
2024-05-11,22.770373535156274
2024-05-12,22.65090026855471
2024-05-13,22.840615844726585
2024-05-14,22.519431559244815
2024-05-15,21.383345540364605
2024-05-16,21.63381551106773
2024-05-17,22.216496785481795
2024-05-18,22.956572469075542
2024-05-19,22.212026977539086
2024-05-20,21.409562174479188
2024-05-21,20.949490356445335
2024-05-22,20.87468668619794
2024-05-23,20.51140034993492
2024-05-24,20.65087585449221
2024-05-25,20.74187723795575
2024-05-26,21.399189249674503
2024-05-27,21.157141113281273
2024-05-28,20.849407958984397
2024-05-29,21.220702107747417
2024-05-30,21.314812215169294
2024-05-31,21.480311075846377
2024-06-01,21.851552327473982
2024-06-02,22.330342610677107
2024-06-03,21.73933715820315
2024-06-04,21.658568318684917
2024-06-05,21.49039713541669
2024-06-06,21.378300984700545
2024-06-07,21.630018107096376
2024-06-08,22.018182373046898
2024-06-09,19.154204305013042
2024-06-10,17.886963907877625
2024-06-11,19.107022094726585
2024-06-12,20.285904947916688
2024-06-13,20.750316365559918
2024-06-14,21.02044677734377
2024-06-15,21.65877888997398
2024-06-16,21.460208129882837
2024-06-17,21.076062011718772
2024-06-18,21.188802083333357
2024-06-19,21.377949015299503
2024-06-20,21.329577636718774
2024-06-21,20.000357055664086
2024-06-22,19.88848063151044
2024-06-23,19.658059692382835
2024-06-24,19.788524373372418
2024-06-25,19.604993693033876
2024-06-26,19.432019042968772
2024-06-27,20.077871704101586
2024-06-28,19.739635213216168
2024-06-29,19.36673482259117
2024-06-30,19.15981852213544
2024-07-01,19.12692769368492
2024-07-02,18.81665954589846
2024-07-03,18.943037923177105
2024-07-04,20.051171875000023
2024-07-05,20.853184000651066
2024-07-06,20.43746744791669
2024-07-07,20.462661743164084
2024-07-08,19.66612955729169
2024-07-09,19.76125691731773
2024-07-10,19.617749023437522
2024-07-11,19.444314575195335
2024-07-12,19.848503621419294
2024-07-13,20.270063273112
2024-07-14,20.275720214843773
2024-07-15,19.84775288899742
2024-07-16,20.231277465820334
2024-07-17,20.638498942057314
2024-07-18,20.337569173177105
2024-07-19,20.141168212890648
2024-07-20,20.56187642415367
2024-07-21,20.49316406250002
2024-07-22,20.60785827636721
2024-07-23,20.32462056477867
2024-07-24,20.372200520833356
2024-07-25,21.461401367187523
2024-07-26,21.459414672851587
2024-07-27,20.776223754882835
2024-07-28,21.303816731770855
2024-07-29,21.897613525390646
2024-07-30,21.462270100911482
2024-07-31,21.076453653971377
2024-08-01,20.304473876953146
2024-08-02,20.509441121419293
2024-08-03,20.89070027669273
2024-08-04,20.199558512369816
2024-08-05,20.50132242838544
2024-08-06,21.151538085937524
2024-08-07,21.047130330403668
2024-08-08,20.860474650065125
2024-08-09,21.225662231445334
2024-08-10,21.224267578125023
2024-08-11,21.17466227213544
2024-08-12,21.975195312500023
2024-08-13,21.69797566731773
2024-08-14,21.80040690104169
2024-08-15,21.889368693033877
2024-08-16,20.362256876627626
2024-08-17,20.804289754231792
2024-08-18,20.031414794921897
2024-08-19,20.192248535156274
2024-08-20,19.424651082356792
2024-08-21,19.48482055664065
2024-08-22,19.54829305013023
2024-08-23,20.63698628743492
2024-08-24,19.03845621744794
2024-08-25,18.95857543945315
2024-08-26,19.62350260416669
2024-08-27,20.43538208007815
2024-08-28,20.860452270507835
2024-08-29,21.156414794921897
2024-08-30,20.671867879231794
2024-08-31,20.789093017578146
2024-09-01,19.96676228841148
2024-09-02,20.19609273274742
2024-09-03,20.072351074218773
2024-09-04,19.064281209309918
2024-09-05,20.686774698893252
2024-09-06,21.554566446940125
2024-09-07,22.159838867187524
2024-09-08,22.258877563476585
2024-09-09,22.36745503743492
2024-09-10,22.25162251790367
2024-09-11,22.57905883789065
2024-09-12,22.095318603515647
2024-09-13,21.297341918945335
2024-09-14,20.96170349121096
2024-09-15,21.41233622233075
2024-09-16,21.813674926757834
2024-09-17,22.046792602539085
2024-09-18,22.007276407877626
2024-09-19,22.404313151041688
2024-09-20,22.771966552734398
2024-09-21,23.076279703776063
2024-09-22,22.972512817382835
2024-09-23,21.2079528808594
2024-09-24,21.0826853434245
2024-09-25,22.796690877278667
2024-09-26,23.027758789062524
2024-09-27,23.154851277669295
2024-09-28,23.44368794759117
2024-09-29,23.68869832356773
2024-09-30,23.811446126302105
2024-10-01,23.652376302083358
2024-10-02,23.61108093261721
2024-10-03,20.144170125325545
2024-10-04,19.42469177246096
2024-10-05,19.8483337402344
2024-10-06,20.059282430013045
2024-10-07,22.069165039062522
2024-10-08,22.889846801757834
2024-10-09,22.541585286458357
2024-10-10,21.87246500651044
2024-10-11,21.90252380371096
2024-10-12,21.767673746744816
2024-10-13,22.02553405761721
2024-10-14,21.846173095703147
2024-10-15,23.62229919433596
2024-10-16,23.717568969726585
2024-10-17,20.433845011393252
2024-10-18,21.75328267415367
2024-10-19,23.64110005696617
2024-10-20,24.133349609375024
2024-10-21,24.079335530598982
2024-10-22,22.72144978841148
2024-10-23,22.519403076171898
2024-10-24,23.112796020507837
2024-10-25,23.611890665690126
2024-10-26,25.02845153808596
2024-10-27,25.47538960774742
2024-10-28,25.762981160481793
2024-10-29,26.009918212890646
2024-10-30,25.393716430664085
2024-10-31,24.89647623697919
2024-11-01,25.343525187174503
2024-11-02,25.300965372721375
2024-11-03,25.21496276855471
2024-11-04,25.40802917480471
2024-11-05,24.828191121419295
2024-11-06,24.595411173502626
2024-11-07,24.293723551432315
2024-11-08,24.446848551432314
2024-11-09,25.356005859375024
2024-11-10,25.930403645833355
2024-11-11,26.563342285156274
2024-11-12,26.872452799479188
2024-11-13,26.602761840820335
2024-11-14,26.212268066406274
2024-11-15,25.81200358072919
2024-11-16,26.02314147949221
2024-11-17,26.363335164388044
2024-11-18,26.27291666666669
2024-11-19,25.972244262695334
2024-11-20,24.84822896321617
2024-11-21,24.906507364908876
2024-11-22,25.748461914062524
2024-11-23,26.926480102539085
2024-11-24,27.370704142252627
2024-11-25,27.302869669596376
2024-11-26,26.900691731770856
2024-11-27,26.69100240071617
2024-11-28,26.896223958333355
2024-11-29,27.132710774739607
2024-11-30,23.09059956868492
2024-12-01,22.611096191406272
2024-12-02,24.08434244791669
2024-12-03,25.41737976074221
2024-12-04,26.283957926432315
2024-12-05,26.52426656087242
2024-12-06,26.538904825846377
2024-12-07,26.413403320312522
2024-12-08,26.74271443684898
2024-12-09,26.551281738281272
2024-12-10,25.820240275065128
2024-12-11,25.889050292968772
2024-12-12,26.869264729817733
2024-12-13,26.97408142089846
2024-12-14,27.11919352213544
2024-12-15,26.577728271484396
2024-12-16,26.83902079264325
2024-12-17,26.828356933593774
2024-12-18,27.14077351888023
2024-12-19,26.976570638020856
2024-12-20,27.515659586588566
2024-12-21,27.282678222656273
2024-12-22,27.05644429524742
2024-12-23,27.197643025716168
2024-12-24,27.89800720214846
2024-12-25,27.97965291341148
2024-12-26,27.333267211914084
2024-12-27,26.80822753906252
2024-12-28,27.232777913411482
2024-12-29,27.090207926432313
2024-12-30,27.283657836914085
2024-12-31,26.405311075846377
